Unnamed: 0,id,filename,url,desc,createTime,downloadTime,author,collectCount,commentCount,diggCount,playCount,shareCount
0,7344207087544651051,meme.palace1_7344207087544651051.mp4,https://www.tiktok.com/@pitts_prodzz/video/7344409380407872810,That was not slimeüòÇ #fyp #funnyvideos #viral #roblox #homie ,1709956497,00:41.7,meme.palace1,433700,13600,2700000,14400000,38600
1,7325480273729195306,rotterz.movie_7325480273729195306.mp4,https://www.tiktok.com/@squanchychif/video/7326589709415697707,#foryou #fyp #tiktok ,1705596310,00:43.5,rotterz.movie,179400,4637,1900000,13600000,5498
2,7324114564918857002,omarnutro_7324114564918857002.mp4,https://www.tiktok.com/@st4r.faces/video/7338124506298420485,Bro is nevir goin awayüòîüíî,1705278329,00:47.2,omarnutro,21200,704,174700,1600000,619
3,7346406386181459243,kovubp_7346406386181459243.mp4,https://www.tiktok.com/@basketballsp/video/7322568405314178309,hide your girl ü´£üî• #fit #dogtok #travisscott #drip #dogvideo ,1710468538,00:49.0,kovubp,1300000,99400,20600000,149800000,483200
4,7325610297476074794,ohhitssadrii_7325610297476074794.mp4,https://www.tiktok.com/@fabianahdz/video/7330493450237840683,she trimm tb some‚Äùok tik tok im coming get it‚Äù #fyp #highschool #viral ,1705626583,00:50.5,ohhitssadrii,225300,10500,2000000,14800000,3675
5,7352884930378026286,tumytum_7352884930378026286.mp4,https://www.tiktok.com/@heyimsuie/video/7330421145507843374,TAG a better SN1PER ü§´üßè #fyp #fortnite #fortniteclips #tumytum ,1711976972,00:51.8,tumytum,79500,6059,582100,3800000,55700
6,7346617179242057006,viral_clippzzz_7346617179242057006.mp4,https://www.tiktok.com/@thebluerio/video/7323350781749431594,The dougie got me#dukedennis #AMP ,1710517638,00:55.7,viral_clippzzz,85400,2542,1000000,6500000,15000
7,7333808581130685739,kishasweets_7333808581130685739.mp4,https://www.tiktok.com/@ash_needsyocash/video/7343995719990136107,He ate that brownie into a gun now he lookin crazy üò©üòÇüòÇüòÇüòÇ#fyp #chicago #funny #kids #food #Grandsun ,1707535392,00:57.4,kishasweets,236700,29300,2800000,20300000,166900
8,7348810732932271403,funnycats0ftiktok_7348810732932271403.mp4,https://www.tiktok.com/@insaneshayne/video/7321540718420364587,Part 41 | Orange cat behavior! Funny cat videos #funnycats #funnyanimals #funnypets,1711028350,00:58.8,funnycats0ftiktok,643600,17900,6200000,48000000,675000
9,7331134375796509995,mainlymannie_7331134375796509995.mp4,https://www.tiktok.com/@micahdaileywhite/video/7331196460396072235,A DAY WITH BOSS AND CEO! #BossandCEO #Mainlymabnie #fy #corporate #jobs #comedy #longervideos #jokes #hatemyboss #jobsbelike #BossLifestyle #Management ,1706912778,01:01.9,mainlymannie,778900,55200,6700000,63600000,143900
10,7342278057832549675,danyuhll_7342278057832549675.mp4,https://www.tiktok.com/@omarnutro/video/7327095342703463726,absolutely not üôÖ‚Äç‚ôÇÔ∏è #fyp #viral #fashion #fashiontiktok #fashioninspo #OOTD #foryoupage #fyp„Ç∑ #streetwear ,1709507352,01:07.7,danyuhll,46400,1619,589100,5100000,1408
11,7336762413808733483,eze.see_7336762413808733483.mp4,https://www.tiktok.com/@rotterz.movie/video/7337367567771733290,#fyp #foryou #viral ,1708223135,01:09.6,eze.see,156500,4833,847400,3700000,11500
12,7327066377250983210,insaneshayne_7327066377250983210.mp4,https://www.tiktok.com/@itavarus/video/7334200990612196654,Replying to @Pay pay:) Shedding Tacklesüò§üèà #funny #football #skit #comedyskit #blue42 ,1705965610,01:12.7,insaneshayne,10500,438,184300,2600000,8242
13,7334823794130816302,vunityi_7334823794130816302.mp4,https://www.tiktok.com/@cattavius/video/7322677080356031790,#kohnnie // popstar but im ur bfs favorite dj‚ÄºÔ∏è // #kohnnie4lyfe #kohnnieedit #kohnnieisreal #kohnnieforever #kohnnie4life #kohnniemde101 #kohnniemde #fyp #fup #viral #jakewebbersfeet #vunityl_ #vunityl ,1707771777,01:15.3,vunityi,58800,1791,321500,1500000,2320
14,7334200990612196654,itavarus_7334200990612196654.mp4,https://www.tiktok.com/@contentmovies55/video/7340350522643221806,#fyp #itavarus #trending ,1707626764,01:16.8,itavarus,36200,4323,287300,1500000,3187
15,7341080338803821866,tbhcacagirl_7341080338803821866.mp4,https://www.tiktok.com/@azuraa_000/video/7328705617265249543,#foryoupage üòÇmy teacher @ the end,1709228509,01:18.3,tbhcacagirl,249000,13800,2800000,17500000,12800
16,7345677102655753514,tierany.neighbors_7345677102655753514.mp4,https://www.tiktok.com/@careajuku/video/7333779232721587498,bc y is u playin #punchingmachine #boxing #fyp„Ç∑ ,1710298743,01:19.8,tierany.neighbors,195300,13300,3900000,34800000,72600
17,7344173309132606763,hopecoreeveryday_7344173309132606763.mp4,https://www.tiktok.com/@lambotelevision/video/7333749354936782123,kindness >> #hopecore #corecore #positivity #wholesome #viral ,1709948616,01:21.1,hopecoreeveryday,227300,9343,2600000,13200000,13300
18,7336487071323786539,icm_triplets_7336487071323786539.mp4,https://www.tiktok.com/@tierany.neighbors/video/7345677102655753514,dc: @ari_cryztal  #cleared #dance #dancechallenge #pourtoi #fyp #triplets #slide ,1708159084,01:22.8,icm_triplets,1600000,57700,12900000,109000000,111300
19,7347379829785890079,david_5o2_7347379829785890079.mp4,https://www.tiktok.com/@christheswiftie/video/7347449612682251563,Miguel ya no ser√° lavaplatos ahora sera dishwasher üòÇüòÇ,1710695223,01:24.3,david_5o2,7614,1428,101900,6600000,5829
20,7322378645501152558,jacqui_olivera.s04_7322378645501152558.mp4,https://www.tiktok.com/@msicskps/video/7335834181345217798,#mexicantiktok #fyp ,1704874151,01:28.0,jacqui_olivera.s04,270900,29800,3700000,17200000,79900
21,7328613541236329770,shlatfish_7328613541236329770.mp4,https://www.tiktok.com/@user2120792199276/video/7340481791049895214,What is going on in this classroomüíÄ,1706325841,01:30.3,shlatfish,866400,54100,5500000,32600000,138200
22,7351511783880035630,plasma_7351511783880035630.mp4,https://www.tiktok.com/@jaygarcia118/video/7339175507558173994,no way i hit that üò≥ #fortnite #fortniteclips #fortnitememes #fortnitefunny #fyp ,1711657255,01:32.0,plasma,48200,1294,275000,2400000,11500
23,7339648380508835114,horroriginz_7339648380508835114.mp4,https://www.tiktok.com/@officialarry1k/video/7330068698465848622,"An American pilot just found an unknown island in the Pacific Ocean! And what he saw, it‚Äôs terrifying! üò± #usaüá∫üá∏ #horror #theory #jumpersjumppodcast #conspiracytiktok ",1708895075,01:33.8,horroriginz,72100,5635,495500,7500000,239800
24,7342686891881368875,fiji_w1_7342686891881368875.mp4,https://www.tiktok.com/@realchristianmccartney/video/7325260740154232107,silly grandma should I put her in a home? ü§¶‚Äç‚ôÇÔ∏è #silly #fyp #grandma   #horror #scary #creepy ,1709602541,01:36.7,fiji_w1,620900,43300,4800000,34800000,157800
25,7324875128263707947,niekarichard_7324875128263707947.mp4,https://www.tiktok.com/@daddywelness/video/7322538286222707998,To my office üëâüèæ @Adroüí∞¬©Ô∏è #principalrichard ,1705455406,01:37.8,niekarichard,1000000,134500,11600000,63700000,157600
26,7323350781749431594,thebluerio_7323350781749431594.mp4,https://www.tiktok.com/@luhdaren/video/7328938283940007210,hi babeü•∞ #indianringneck #talkingparrot #Love #babe #fyp #foryoupage ,1705100496,01:41.3,thebluerio,326700,23500,4700000,35400000,283200
27,7340709646795017515,khaylena__7340709646795017515.mp4,https://www.tiktok.com/@streamerupdate_/video/7342486984159661358,I guess he wasn‚Äôt scared lol üò≥üòÇ #fyp #funny #boymom #toddler ,1709142266,01:42.5,khaylena_,910000,48800,10300000,54400000,362100
28,7344409380407872810,pitts_prodzz_7344409380407872810.mp4,https://www.tiktok.com/@omarnutro/video/7321896399287651630,The Art of NFL Jukes üò≥üò≥ #nfl #football #edit #jukes ,1710003574,01:44.4,pitts_prodzz,15600,452,108500,1300000,2880
29,7335015032805199146,walcolmx_7335015032805199146.mp4,https://www.tiktok.com/@zoetheboer/video/7333610963469389062,This legit made me laugh out loud üò≠ he hella goofy üòÇüòÇüòÇüòÇüòÇ #naruto #fyp #viral ,1707816431,01:49.6,walcolmx,118500,4511,582500,4400000,5120
30,7339676616181779755,edmondx_7339676616181779755.mp4,https://www.tiktok.com/@cecelia0256/video/7341820218966052102,Replying to @fifa creator lfc2005 fake everything #fyp #edmondx ,1708901659,32:45.3,edmondx,26500,1609,163800,1700000,1573
31,7332664062075014431,mehhzers_7332664062075014431.mp4,https://www.tiktok.com/@shai_014/video/7353354698050538769,a toaster could probably run better fps than that üíÄ #fyp #poppyplaytime #foryou #meme ,1707268906,32:46.9,mehhzers,27000,3814,145900,1200000,1205
32,7322134362437274911,expiredff2_7322134362437274911.mp4,https://www.tiktok.com/@ogdailyfortniteclips/video/7335808332810423598,i guess its his fault not mine ü§∑ #footballfusion #roblox #football #footballfusionroblox #footballfusion2 #footballfusionleague #footballfusionclips #footballshowdown #fyp #expiredff2 #ultimatefootball ,1704817328,32:48.4,expiredff2,2775,477,34000,587900,154
33,7346731539478089002,eric_ali18_7346731539478089002.mp4,https://www.tiktok.com/@ytminhofn/video/7344268249464360234,#fypp #fyp #foryoupage He really been gone for 8 months but he said he coming n shi n soonüôè,1710544256,32:51.5,eric_ali18,161900,10200,1100000,4500000,13300
34,7354589479497125126,brinfaty_7354589479497125126.mp4,https://www.tiktok.com/@sgc_von/video/7342340945079307566,Every moment they have at the airport üñ§üíì >> btw what is your favorite ship? #chaesoo#jenlisa#chaennie#lisoo#jensoo#chaelisa#Blackpink ,1712373805,32:52.9,brinfaty,29,1,345,2244,5
35,7335884673895107882,_she3m_7335884673895107882.mp4,https://www.tiktok.com/@omarnutro/video/7328615913161329963,#viral #fyp #viralvideo #relatable #fyppppppppppppppppppppppp #you #following #xybca #basketball ,1708018802,32:55.1,_she3m,41900,2787,507800,4200000,4251
36,7322128927617584414,expiredff2_7322128927617584414.mp4,https://www.tiktok.com/@otakujunk/video/7350731276300651818,like bro can i play the game üò≠üò≠üò≠ #footballfusion #roblox #football #footballfusionroblox #footballfusion2 #footballfusionleague #footballfusionclips #footballshowdown #fyp #expiredff2 #ultimatefootball ,1704816071,32:56.6,expiredff2,12100,542,143200,1400000,386
37,7329263535890943278,prxff2_7329263535890943278.mp4,https://www.tiktok.com/@houseofhighlights/video/7349549260616240430,Lamar just caught his own pass in ROBLOX dawg üíÄüò≠ // #roblox #footballtiktok #footballfusionleague #footballfusionclips #footballfusion #footballfusionroblox ,1706477178,32:59.2,prxff2,2243,196,20500,445700,118
38,7335924883353898282,xenoicxavier_7335924883353898282.mp4,https://www.tiktok.com/@mehhzers/video/7332664062075014431,it‚Äôs just not possibleü§£ #relatable #funny #memes ,1708028165,33:01.2,xenoicxavier,85200,2755,691900,4600000,6968
39,7321441003280387359,expiredff2_7321441003280387359.mp4,https://www.tiktok.com/@nbayongboi/video/7343797556863896878,bro is trash #footballfusion #football #roblox #footballfusionroblox #footballfusion2 #footballfusionleague #footballfusionclips #footballshowdown #fyp #expiredff2 #ultimatefootball ,1704655858,33:02.6,expiredff2,18200,1517,136600,1500000,1393
40,7321432248291577119,expiredff2_7321432248291577119.mp4,https://www.tiktok.com/@ohhitssadrii/video/7325610297476074794,help me dawg üò≠üò≠üò≠ #footballfusion #football #roblox #footballfusionroblox #footballfusion2 #footballfusionleague #footballfusionclips #footballshowdown #fyp #expiredff2 #ultimatefootball ,1704653832,33:05.7,expiredff2,20700,1244,202100,1600000,1683
41,7336687273955593502,aceskeys_7336687273955593502.mp4,https://www.tiktok.com/@ogdailyfortniteclips/video/7327211180034919722,#aceskey #thestrongestbattlegrounds #roblox ,1708205656,33:07.5,aceskeys,3418,289,18000,303700,47
42,7321381040122105118,alexff2x_7321381040122105118.mp4,https://www.tiktok.com/@catpants3/video/7348238004244499758,what was bro thinking üò≠ #footballfusion #footballfusion2 #roblox #alexff2 #viral #clip #funny #lol #cool ,1704641921,33:09.3,alexff2x,2744,229,15700,168500,406
43,7329983807220665646,ac1d1x_7329983807220665646.mp4,https://www.tiktok.com/@tumytum/video/7352884930378026286,whos nextüíÅ‚Äç‚ôÇÔ∏è ac @Drewx ‚úÆ #fyp #foryou #roblox #robloxfyp #robloxbaddies #baddies #robloxedit #edit #baddiesedit #robloxfight #videostar #videostarpro #vsp #ac1d1xx #ac1d1xedit ,1706644897,33:11.8,ac1d1x,23100,1183,76400,464700,1354
44,7343797556863896878,nbayongboi_7343797556863896878.mp4,https://www.tiktok.com/@jerseyshore/video/7341109005462375722,I'm still the best drifter ‚òùÔ∏èüòé #gta5_funny #gta5 #gtadrifting #gtadrift #gtaonline #gtao #memes #fypp ,1709861123,33:13.3,nbayongboi,27900,1347,166100,1000000,3079
45,7326613996885282094,jorwels_7326613996885282094.mp4,https://www.tiktok.com/@.dr.bot/video/7340018653800254762,#CapCut #jorwels #roblox #ultimatefootball #footballfusion #xyzbca #fyp„Ç∑ ,1705860290,33:14.8,jorwels,4229,188,27900,421900,255
46,7337367567771733290,rotterz.movie_7337367567771733290.mp4,https://www.tiktok.com/@artist.boy3/video/7340146866581081350,#fyp #foryou #tiktok ,1708364050,33:38.3,rotterz.movie,489,31,6872,154200,19
47,7326589709415697707,squanchychif_7326589709415697707.mp4,https://www.tiktok.com/@official_quino/video/7334105082050399493,#fyp #foryou #tiktok ,1705854628,33:44.0,squanchychif,7220,128,132300,1000000,102
48,7344612038934596906,energeticchildren_7344612038934596906.mp4,https://www.tiktok.com/@seavaas/video/7335932034247822634,#kefutk #jiexi ,1710050789,33:47.4,energeticchildren,21300,391,556900,6100000,554
49,7337747173372710190,rotterz.movie_7337747173372710190.mp4,https://www.tiktok.com/@krushfunkmusic/video/7331104866560970030,#fyp #tiktok #foryou ,1708452409,33:53.6,rotterz.movie,512,18,9658,230300,16
50,7331762952833387819,xxmovies6_7331762952833387819.mp4,https://www.tiktok.com/@wickedelii/video/7331500638037134638,#movie #foryou ,1707059139,34:07.5,xxmovies6,429,10,8497,245900,16
51,7321403905382944046,rotterz.movie_7321403905382944046.mp4,https://www.tiktok.com/@walcolmx/video/7335015032805199146,#foryou #fyp #tiktok ,1704647220,34:13.1,rotterz.movie,3825,107,76200,930100,125
52,7337745517457280298,rotterz.movie_7337745517457280298.mp4,https://www.tiktok.com/@cringeasaph/video/7328903687336742187,#fyp #tiktok #foryou ,1708452025,34:16.7,rotterz.movie,4439,86,104600,1100000,69
53,7336622483207884075,rotterz.movie_7336622483207884075.mp4,https://www.tiktok.com/@lambotelevision/video/7334845846002896171,#fyp #foryou #tiktok ,1708190556,34:21.4,rotterz.movie,5280,137,98000,1600000,92
54,7334736505539251499,jacob.bowman1_7334736505539251499.mp4,https://www.tiktok.com/@nick_cpb/video/7341892404515015966,#foryou #tiktok #fyp„Ç∑ ,1707751477,34:28.5,jacob.bowman1,17400,279,257500,2400000,193
55,7346622034249616683,clarence.movie_7346622034249616683.mp4,https://www.tiktok.com/@kishasweets/video/7333808581130685739,#fyp #thebigbangtheory #tiktok #foryou #movie ,1710518764,34:34.0,clarence.movie,2873,42,72200,793000,68
56,7324745920124292394,rotterz.movie_7324745920124292394.mp4,https://www.tiktok.com/@thewashedathlete/video/7335639233429835050,#foryou #fyp #tiktok ,1705425333,34:37.2,rotterz.movie,9043,218,147800,1800000,188
57,7346621976359849258,clarence.movie_7346621976359849258.mp4,https://www.tiktok.com/@xxmovies6/video/7333250940511718698,#fyp #thebigbangtheory #tiktok #foryou #movie ,1710518763,34:40.7,clarence.movie,5453,74,153400,2100000,138
58,7333250940511718698,xxmovies6_7333250940511718698.mp4,https://www.tiktok.com/@rotterz.movie/video/7337747173372710190,#movie #foryou ,1707405592,34:48.4,xxmovies6,2200,134,53300,804900,72
59,7328918215302630702,micahdaileywhite_7328918215302630702.mp4,https://www.tiktok.com/@alanski_1/video/7328941359832780038,When the security guard is super old #fyp ,1706396775,35:14.3,micahdaileywhite,16900,456,166300,1200000,520
60,7328615913161329963,omarnutro_7328615913161329963.mp4,https://www.tiktok.com/@micahdaileywhite/video/7343313565761178923,Bro still a menace #safeenvironment ,1706326387,35:16.1,omarnutro,22400,713,170600,1200000,1837
61,7322233046894185774,paulisknown_7322233046894185774.mp4,https://www.tiktok.com/@hogginout/video/7351393128886111530,#fyp #foryou #foryourpage #paulisknown #viral ,1704840257,35:18.0,paulisknown,21800,937,169600,903900,900
62,7331519411301420331,omarnutro_7331519411301420331.mp4,https://www.tiktok.com/@reillyd543/video/7343990419706973482,Came back and freed broüòî,1707002413,35:19.7,omarnutro,32500,1085,237400,1900000,973
63,7324082720781487403,divinezay_7324082720781487403.mp4,https://www.tiktok.com/@eze.see/video/7336762413808733483,,1705270917,35:22.9,divinezay,196100,5108,1800000,8300000,20500
64,7330056762210389294,omarnutro_7330056762210389294.mp4,https://www.tiktok.com/@kreo444/video/7339652305576398122,Bro got awayüò§üòî,1706661868,35:24.7,omarnutro,11200,387,104100,992000,369
65,7330414668151835947,micahdaileywhite_7330414668151835947.mp4,https://www.tiktok.com/@brinfaty/video/7354589479497125126,"""I didn't even push you that hard"" #fyp ",1706745194,35:27.6,micahdaileywhite,29200,575,265700,1700000,1139
66,7328245912403266858,omarnutro_7328245912403266858.mp4,https://www.tiktok.com/@zamikaki/video/7336417320446856450,Buddy‚Äôs caughtü§ùüèΩ,1706240245,35:29.3,omarnutro,29900,1476,240300,1700000,1359
67,7327095342703463726,omarnutro_7327095342703463726.mp4,https://www.tiktok.com/@shlatfish/video/7328613541236329770,Bro stole emmüòî @Official Superlive üíé ,1705972357,35:31.0,omarnutro,6499,169,48000,606300,311
68,7325532808410238254,omarnutro_7325532808410238254.mp4,https://www.tiktok.com/@edmondx/video/7339676616181779755,Ivanüòß,1705608546,35:32.4,omarnutro,110600,3186,749400,5800000,14900
69,7331196460396072235,micahdaileywhite_7331196460396072235.mp4,https://www.tiktok.com/@espn/video/7334841417497316651,"""I am speed"" type ahh dreads üò≠üôè #fyp ",1706927218,35:34.4,micahdaileywhite,27200,602,226500,1900000,822
70,7323007677515271467,noahjaywood_7323007677515271467.mp4,https://www.tiktok.com/@fiji_w1/video/7342686891881368875,MOMMA NOOOO üò≠ #mom #relatable #karen ,1705020615,35:37.4,noahjaywood,2430,204,23400,172200,78
71,7321896399287651630,omarnutro_7321896399287651630.mp4,https://www.tiktok.com/@omarnutro/video/7324114564918857002,Oh shiüòî,1704761880,35:39.0,omarnutro,24700,648,197700,1800000,1704
72,7343313565761178923,micahdaileywhite_7343313565761178923.mp4,https://www.tiktok.com/@sennyk4/video/7324874317383224618,An entirely new language üò≠ #fyp ,1709748451,35:40.8,micahdaileywhite,77600,5166,708400,4800000,9265
73,7323206251897294088,just_a_khaled_7323206251897294088.mp4,https://www.tiktok.com/@1700hund/video/7337065677792087338,‚ú®üî•HEEE HE HE HE HEEEEEEEEEüî•‚ú®,1705066830,35:42.0,just_a_khaled,1574,206,8698,114800,67
74,7344026363268959506,patthadon.__7344026363268959506.mp4,https://www.tiktok.com/@tankerstwinbrother/video/7337577005585648939,#fyp #centralcee #ukulele #üáπüá≠#phuket ,1709914389,36:03.5,patthadon._,449600,14600,6500000,35000000,78500
75,7328903687336742187,cringeasaph_7328903687336742187.mp4,https://www.tiktok.com/@leigh_mcnasty/video/7322246036091604266,Everyone was doing this #alorsondanse #pov #fy #viral #dance #2021 #trend #relatable #oldtrend ,1706393391,36:05.3,cringeasaph,131600,4601,1500000,11900000,6926
76,7341892404515015966,nick_cpb_7341892404515015966.mp4,https://www.tiktok.com/@hopecoreeveryday/video/7344173309132606763,Trump green #greenfn #nba2k #trump #fyp #foryoupage ,1709417580,36:06.8,nick_cpb,142900,7132,1400000,7000000,47100
77,7330016799347625262,jamesofflames1_7330016799347625262.mp4,https://www.tiktok.com/@charlie2rawww_/video/7340396737787383083,Who had the best Boogie Down? üï∫üíØ #boogiedown #dontletthisflop #fyp„Ç∑ #fyp #foryou #edit ,1706652563,36:09.6,jamesofflames1,736,1119,5577,196400,18
78,7343990419706973482,reillyd543_7343990419706973482.mp4,https://www.tiktok.com/@merofn_/video/7338152837718854955,zawg and shlawg lookin spiffyüó£Ô∏èüó£Ô∏èüî•üî•ü¶á#fyp #dogs #foryou #travisscott #drip #fit #viral #foryoupage #greenfn ,1709906029,36:11.6,reillyd543,2600000,147200,25500000,176000000,567600
79,7331543031742467370,the_mighty_square_7331543031742467370.mp4,https://www.tiktok.com/@cakeman888fn/video/7328892539556072747,#thrifting #thrift #goodwill #goodwillfinds #pewdipie #fyp ,1707007906,36:13.5,the_mighty_square,75000,3243,881100,5100000,11800
80,7327808729779293486,jamesofflames1_7327808729779293486.mp4,https://www.tiktok.com/@jamesofflames1/video/7330016799347625262,Boogie Down üî•üî• #edit #boogiedown #dontletthisflop #fyp„Ç∑ #fyp #edits #foryou #viral #capcut ,1706138448,36:15.7,jamesofflames1,52400,22100,447100,8800000,1229
81,7323354119387958574,riolaid_7323354119387958574.mp4,https://www.tiktok.com/@horroriginz/video/7339648380508835114,dream dream dream dream dream dream #fashion #goodwill #thrift #dream ,1705101280,36:18.0,riolaid,23200,5199,320800,2200000,2312
82,7338033084580908293,annnoka_7338033084580908293.mp4,https://www.tiktok.com/@staticcsfn/video/7337432661624900907,mom back there mewingü§´üßè @Hugo Hilaire #fyp #dance #emote #rge #on #pourtoi #—Ä–µ–∫ #almaty #kazakhstan #trend #viral ,1708518970,36:20.1,annnoka,106000,9547,852600,7400000,5935
83,7335836539164822826,icburks_7335836539164822826.mp4,https://www.tiktok.com/@expiredff2/video/7322128927617584414,Found this in Retail Row #fortnite #fyp #memes #drinktok ,1708007601,36:22.9,icburks,89100,5276,1400000,7100000,39500
84,7322677080356031790,cattavius_7322677080356031790.mp4,https://www.tiktok.com/@gaelandale/video/7331127525646683435,#CapCut Harleem shake blippi video #CapCut #harleemshake #harleem #blippi #blippiofficial #blippibirthday #2024 #nurburgring ,1704943647,36:24.7,cattavius,14200,1549,82600,3100000,971
85,7331104866560970030,krushfunkmusic_7331104866560970030.mp4,https://www.tiktok.com/@vunityi/video/7334823794130816302,4 of the best ever?! Who wins it all though? #fyp #xxanteria #boogiedown #lethalcompany #fortnite #funk #astroslide #dance #krushfunk #electroswing #socialclimber #evilplan ,1706905902,36:26.2,krushfunkmusic,66000,11500,670400,8400000,1211
86,7354147439860796677,leobeckerdesign_7354147439860796677.mp4,https://www.tiktok.com/@alexff2x/video/7321381040122105118,Use advanced functions of the pencil tool in Adobe Illustrator #designtips #designtip #designtipsandtricks #designtools #designhelp #design #designer #logodesigner #logotype #graphicdesign #graphic #graphicdesigntips #illustratortips #illustratorsoninstagram #illustratortools #adobeillustrator #illustrator #illustratortutorial #tutorial #howto #learn #creative #typography #type #goodtype #3dtext #reelsinstagram #reelsviral,1712270890,36:28.3,leobeckerdesign,8343,44,13900,152200,442
87,7335916175127235883,yhateace_7335916175127235883.mp4,https://www.tiktok.com/@supeastars/video/7333091393658703150,#fyp @Sneakerowner code ‚Äúace‚Äù,1708026124,36:49.0,yhateace,38100,921,247500,1300000,3136
88,7330442558805413163,luhdaren_7330442558805413163.mp4,https://www.tiktok.com/@kreo444/video/7340746032977825066,#fyp ,1706751670,36:50.7,luhdaren,130000,8047,900200,5300000,10200
89,7330294946030882094,sm4lgang__7330294946030882094.mp4,https://www.tiktok.com/@jorwels/video/7326613996885282094,My man picking up my attitude üò≠#fyp #xbcyza #couplegoals #sm4lgang ,1706717307,36:52.7,sm4lgang_,62800,1787,533300,2700000,6929
90,7345927834768084266,elijahwaun_7345927834768084266.mp4,https://www.tiktok.com/@nellabone_/video/7344529420859936046,love this song#dmv #xybzca #fyp ,1710357142,36:54.1,elijahwaun,155700,5404,1100000,7900000,13100
91,7324974610053844270,dareallmb__7324974610053844270.mp4,https://www.tiktok.com/@david_5o2/video/7347379829785890079,lmaoo i dnt think soo üòÇüòÇ#fyp ,1705478573,36:55.4,dareallmb_,16400,291,116900,584200,1834
92,7342340945079307566,sgc_von_7342340945079307566.mp4,https://www.tiktok.com/@apocalypse_scar/video/7328165641033289006,Naw mar wildinnüòÇüòÇ #fyp #siblings #sgc ,1709521995,36:57.1,sgc_von,36500,1828,273500,1200000,4063
93,7328938283940007210,luhdaren_7328938283940007210.mp4,https://www.tiktok.com/@lovingasmo/video/7346134677230472453,#fyp ,1706401451,36:59.4,luhdaren,17000,5870,100800,683300,807
94,7333054790248828206,3kaidenn_7333054790248828206.mp4,https://www.tiktok.com/@just_a_khaled/video/7323206251897294088,#foryoupage #viral #3kaidenn ,1707359887,37:00.8,3kaidenn,16000,847,127400,793300,500
95,7334845846002896171,lambotelevision_7334845846002896171.mp4,https://www.tiktok.com/@rotterz.movie/video/7321403905382944046,i love Usher on GodüòÇ‚ù§Ô∏è #fyp #lambotelevision ,1707776908,37:02.6,lambotelevision,52600,2253,440100,2300000,4095
96,7335471694217366830,deirdre_sbspam_7335471694217366830.mp4,https://www.tiktok.com/@micahdaileywhite/video/7330414668151835947,i was dying üò≠üò≠ #fyp„Ç∑ ,1707922635,37:04.8,deirdre_sbspam,52600,610,800700,4400000,1021
97,7330032069763992874,hetoomuch6_7330032069763992874.mp4,https://www.tiktok.com/@omarnutro/video/7331519411301420331,tapN on my insta:kickinhoes2x #fyp #viralvideo #makemefamous #tiktokchallenge #foryoupage #viral #trending #trending #tiktoktrends #xyzbca #viral #relatable #blowthisup,1706656112,37:06.6,hetoomuch6,29000,1879,169100,970500,2296
98,7321899828743589151,karissaispretty_7321899828743589151.mp4,https://www.tiktok.com/@luvmsea_666/video/7321969566442114306,#fypp who is waiting.üåöüòÇ,1704762692,37:08.0,karissaispretty,20400,255,174200,1100000,902
99,7344529420859936046,nellabone__7344529420859936046.mp4,https://www.tiktok.com/@rotterz.movie/video/7336622483207884075,#viralvideo #foryoupageofficiall #putthisonfypplss #putthisonfypplsssss #relatablecontent #makemefamous ,1710031539,37:09.7,nellabone_,49500,43200,536400,3800000,1727
100,7344268249464360234,ytminhofn_7344268249464360234.mp4,https://www.tiktok.com/@thelazyducky__/video/7333088719940947208,Nick‚Äôs custom just kept getting worse and worse‚Ä¶ üò≠üòû #f#fortnitef#fortniteclipsf#fortnitememesf#fortnitefunnyf#fortnitenewf#fortniteupdatef#fortnitechapter5c#chapter5season2fortnitestreamer #nickeh30,1709970719,37:29.3,ytminhofn,9310,906,139100,3900000,343
101,7329669663263034670,staticcsfn_7329669663263034670.mp4,https://www.tiktok.com/@meme.palace1/video/7344207087544651051,how did bro qualify to fncs finals üò≠üòÇ #fyp #fortnite #funny #asianjeff #viral #fortnitegame #fortnitefunny ,1706571736,37:36.0,staticcsfn,1717,97,19800,221100,210
102,7327211180034919722,ogdailyfortniteclips_7327211180034919722.mp4,https://www.tiktok.com/@funnycats0ftiktok/video/7348810732932271403,This Is Why You Should Never Emote On Asian Jeff üò≥ #fyp #fortnite #fortnitetips #fortniteclips #fortnitemoments #fortnitebr #fortnitefunny #fortniteupdate #asianjeff #ninjashyper #ninja #mongraal #clix #fortniteclutch #fortnitetips ,1705999376,37:41.7,ogdailyfortniteclips,88900,4298,753300,7200000,4197
103,7323740210829839662,notbradenfn_7323740210829839662.mp4,https://www.tiktok.com/@_compajay/video/7332294596799515950,Did I sell again? #fncs #fortnite #fortnitepro #fyp #asianjeff #foryou #viral #notbradenfn ,1705191178,37:46.8,notbradenfn,36500,6312,487500,5400000,9600
104,7338152837718854955,merofn__7338152837718854955.mp4,https://www.tiktok.com/@sdmnplugg/video/7324985682059971847,Mero Vs. Peterbot üòàüòÆ‚Äçüí® #viral #gaming #trending #foryou #foryoupage #fyp #fortnitepro #mero #fortniteclips #chapter5 #fortnitememes #fortniteupdate ,1708546880,37:53.8,merofn_,14700,1080,191300,2300000,631
105,7326186825209417002,cotinuts_7326186825209417002.mp4,https://www.tiktok.com/@misteryeet5766/video/7336435670237465898,"Hulk smash, Hulk slay @RAAM0S @JUiiCEMVN  #hulk #hulksmash #brucebanner #itemshop #fortnite #fortniteclips #fort #fortnitememes #fortnitebr #fortnitefunny #lego #legofortnite #fortnitelego #clix #bugha #mongraal #sypherpk #chapter5 #season1 #og #minions #beavisandbuthead #beavisandbutthead #funnymoments #legotiktok #legomarvel #playboicarti ",1705760842,37:55.5,cotinuts,4723,136,36900,184600,159
106,7340018653800254762,.dr.bot_7340018653800254762.mp4,https://www.tiktok.com/@icburks/video/7335836539164822826,Guess I got a big foreheadüòî                         #fortnite #fortnitebr #fortnitememes #fyp #controller ,1708981283,37:59.0,.dr.bot,10900,672,120000,1400000,202
107,7346380579593522475,crownsbchillin_7346380579593522475.mp4,https://www.tiktok.com/@leah_txrealtor/video/7325641621331070239,USE CODE BCHILL #fortnite #fortnitefyp #fortnitefunny #fortnitebr #fortnitechapter5 #fortniteclips #fortnitegameplay #battleroyale #victoryroyalefortnite ,1710462527,38:02.8,crownsbchillin,52400,3212,577500,5800000,8719
108,7335808332810423598,ogdailyfortniteclips_7335808332810423598.mp4,https://www.tiktok.com/@jacqui_olivera.s04/video/7322378645501152558,Zemie isn‚Äôt even trying to hide it anymore üò≠üíÄ #fyp #fortnite #fortnitetips #fortniteclips #fortnitemoments #fortnitebr #fortnitefunny #fortniteupdate #ninjashyper #ninja #nickeh30 #sypherpk #mongraal #clix #fortniteclutch #fortnitetips ,1708001049,38:12.6,ogdailyfortniteclips,24800,4119,334100,3700000,2094
109,7343091029647576362,kreo444_7343091029647576362.mp4,https://www.tiktok.com/@zenontech/video/7328195949317180674,Bro Doesn‚Äôt Have an Icon Skin #fyp #trending #viral #kreo #fortnite #upupuppity ,1709696621,38:20.9,kreo444,20300,562,187100,1900000,1721
110,7351057978188942635,itssmro_7351057978188942635.mp4,https://www.tiktok.com/@thatrubwayshow/video/7339286667842374955,Use code: ItssMrO‚ÄºÔ∏è#itssmro #fortnite #fortniteclips #fortnitememes #fortnitefunny #fortnitebr #fortniteupdate #for #fyp ,1711551597,38:25.2,itssmro,36200,750,276700,1700000,18900
111,7337432661624900907,staticcsfn_7337432661624900907.mp4,https://www.tiktok.com/@sheisthet/video/7321855385801887022,Bro NEEDS to chill üò≠üòÇ #fyp #fortnite #funny #asianjeff #earnings #win ,1708379193,38:29.5,staticcsfn,944,57,11600,176200,299
112,7339652305576398122,kreo444_7339652305576398122.mp4,https://www.tiktok.com/@pete_soto23/video/7325216756853787946,Bro Will Never Escape It üíÄüòÇ #fyp #trending #viral #fortnite #worldcup #kreo ,1708895999,38:33.3,kreo444,17200,510,195000,2000000,626
113,7340746032977825066,kreo444_7340746032977825066.mp4,https://www.tiktok.com/@sunnahvigor/video/7333409876351143176,Why Is it So Accurate? üòÇ #fyp #trending #viral #fortnite #kreo ,1709150658,38:40.7,kreo444,5110,284,64400,908200,253
114,7328892539556072747,cakeman888fn_7328892539556072747.mp4,https://www.tiktok.com/@zydariuss/video/7342942251145923886,Social climber using code cakeman888 #fortnite #cakeman888 #fortnitememes #fortniteclips ,1706390794,38:44.4,cakeman888fn,15500,975,192600,2400000,1098
115,7348297417768422698,cakeman888fn_7348297417768422698.mp4,https://www.tiktok.com/@noahjaywood/video/7323007677515271467,Classy using code cakeman888 #fortnite #cakeman888 #fortnitememes #fortniteclips ,1710908854,38:51.3,cakeman888fn,10200,456,132400,1600000,2776
116,7333091393658703150,supeastars_7333091393658703150.mp4,https://www.tiktok.com/@kamiasuraa/video/7333080272826600746,saying allat and running away is nuts üò≠ #basketball #fyp #1v1 #hoopers #rob #moon #xyzabc #hooptok ,1707368426,39:15.5,supeastars,23000,217,221800,1200000,923
117,7335525790106291498,klipzay_7335525790106291498.mp4,https://www.tiktok.com/@hetoomuch6/video/7330032069763992874,üòÇüòÇüòÇ#fyp„Ç∑ #jokes #funny ,1707935245,39:17.8,klipzay,49100,2445,458800,2200000,8248
118,7335241282098351365,kuda.steezz_7335241282098351365.mp4,https://www.tiktok.com/@nicky.cass1/video/7321867624931986730,How do i tell you gang üò≠üò≠ #fyp„Ç∑ #fyp #viral #funny #blowthisup #wockst‚òÖrz #basketballüèÄ #school #relatable #foryoupage #wavymello @Wavy Mello #gaming #nba2k ,1707868954,39:20.0,kuda.steezz,20800,1742,194000,1200000,3316
119,7336435670237465898,misteryeet5766_7336435670237465898.mp4,https://www.tiktok.com/@staticcsfn/video/7329669663263034670,Caseoh uses his wizard powers against jynxzi #caseoh #food #funny #jynxzi #junko #case #twitch #memes #fyp #wii #wiisports #baseball #wiisportsbaseball #stream #streamer #caseohclips #caseohfunnymoments #caseohgamestwitch #foryoupage #foryou #viral #trend #jynxziclips #jynxzifunnymoments ,1708147080,39:22.0,misteryeet5766,60700,632,453600,3900000,3620
120,7340350522643221806,contentmovies55_7340350522643221806.mp4,https://www.tiktok.com/@kovubp/video/7346406386181459243,Why D'Aydrian do him like that üò≠ #fyp #2024 #daydrainharding ,1709058550,39:23.4,contentmovies55,15000,729,150700,1200000,805
121,7342486984159661358,streamerupdate__7342486984159661358.mp4,https://www.tiktok.com/@prxff2/video/7329263535890943278,3 am a boogie hit different  #kaicenat #kaicenatclips #music #aboogie #3am #vibes ,1709556040,39:25.0,streamerupdate_,43900,593,419900,2100000,10300
122,7324678091039706386,sdmnplugg_7324678091039706386.mp4,https://www.tiktok.com/@viral_clippzzz/video/7346617179242057006,HARRY FUNNY MOMENTS üòÇ #SDMNPLUG  #SIDEMEN #W2S #HARRY #FUNNY #MOMENTS,1705409540,39:26.6,sdmnplugg,49500,488,456000,4200000,1379
123,7348982055855820075,streamerclipworld_7348982055855820075.mp4,https://www.tiktok.com/@deirdre_sbspam/video/7335471694217366830,Cmon bro #yapping #padreyoung #adin #adinrodd #jakefuture #co1inmyers #comedy ,1711068253,39:29.3,streamerclipworld,9837,699,185000,2700000,887
124,7340183393059015979,fastclipsz_7340183393059015979.mp4,https://www.tiktok.com/@mondejour/video/7347018769899851038,Good guy konvy #adinross #konvy #jakefuture #fall #wholesome #foryoupage #xqc #foryou ,1709019734,39:31.7,fastclipsz,3584,225,83800,1300000,84
125,7339271056978431274,chunkzxfillyclipped_7339271056978431274.mp4,https://www.tiktok.com/@kuda.steezz/video/7335241282098351365,Darkest always making the best beats üòÇ| #chunkzandfilly #fillyandchunkz #fyp ,1708807239,39:35.8,chunkzxfillyclipped,63600,1526,693800,3600000,26500
126,7324874317383224618,sennyk4_7324874317383224618.mp4,https://www.tiktok.com/@streamerclipworld/video/7348982055855820075,Why does his cat look like that? üò≠  #fyp #twitch #streamer #rage #react #reaction #gaming #fail #funny #cat ,1705455226,39:37.4,sennyk4,103000,5823,1400000,13200000,28400
127,7335961496914283822,yoshioh8_7335961496914283822.mp4,https://www.tiktok.com/@omarnutro/video/7325532808410238254,Filly is on his phone 14 hours a day ü§ØüòÆ #chunkzandfillyshow #yungfilly #chunkz #chip #calfreezy #foryou ,1708036682,39:39.0,yoshioh8,320,51,9260,340500,24
128,7324985682059971847,sdmnplugg_7324985682059971847.mp4,https://www.tiktok.com/@expiredff2/video/7321441003280387359,HARRY FUNNY MOMENTS üòÇ #SDMNPLUG #SIDEMEN #W2S #HARRY #FUNNY #MOMENTS,1705842000,39:41.1,sdmnplugg,43100,411,453700,3500000,582
129,7340419141758733610,rajaking1x_7340419141758733610.mp4,https://www.tiktok.com/@clarence.movie/video/7346622034249616683,#fyp #relatable #xyzbca ,1709074525,40:05.2,rajaking1x,57200,2614,479600,1900000,103400
130,7334841417497316651,espn_7334841417497316651.mp4,https://www.tiktok.com/@houseofhighlights/video/7340352242114940202,Cold ü•∂ (via @Zay) #basketball,1707775876,40:06.8,espn,96200,6440,1200000,9600000,95400
131,7340352242114940202,houseofhighlights_7340352242114940202.mp4,https://www.tiktok.com/@sm4lgang_/video/7330294946030882094,He valid or nah? (@speed2trimm) #griddy #kidsbelike #highschool ,1709058953,40:08.8,houseofhighlights,19900,1322,272300,3700000,3368
132,7347829949245492523,diegohsaint_7347829949245492523.mp4,https://www.tiktok.com/@_she3m/video/7335884673895107882,if only it was fifa üòÇüòû#nba2k24  #nba2k  #nba2kxcommunity  #2kcontent  #fyp  #viral  #xyzbca  #wavymello  #diegohsaint ai noo noo,1710801000,40:10.6,diegohsaint,66100,2611,579200,3800000,14300
133,7335932034247822634,seavaas_7335932034247822634.mp4,https://www.tiktok.com/@roses_are_rosie/video/7333246075857292562,üò™ #fyp #viral ,1708029812,40:16.6,seavaas,10700,454,195100,1200000,1511
134,7339286667842374955,thatrubwayshow_7339286667842374955.mp4,https://www.tiktok.com/@itssmro/video/7351057978188942635,Replying to @k ‚òÜ ,1708810866,40:18.2,thatrubwayshow,14300,755,480000,3400000,2561
135,7331191721574862123,nolimitjay__7331191721574862123.mp4,https://www.tiktok.com/@werenotreallystrangers/video/7349245241980931371,,1706926119,40:19.8,nolimitjay_,21300,1050,310200,2700000,929
136,7337065677792087338,1700hund_7337065677792087338.mp4,https://www.tiktok.com/@icm_triplets/video/7336487071323786539,This was a a failüòÇüò≠,1708293746,40:21.6,1700hund,441800,13200,2800000,12100000,53900
137,7345442722276232491,gentlemantiktokk_7345442722276232491.mp4,https://www.tiktok.com/@.relatablefun4/video/7342413520958524679,Dont do the robot like that üòÇ #fyp„Ç∑ #viral #memes #funny #funnyvideos #hilarious ##fyp„Ç∑„Çöviral #robot ,1710244173,40:24.2,gentlemantiktokk,353600,13100,3500000,25400000,290200
138,7333749354936782123,lambotelevision_7333749354936782123.mp4,https://www.tiktok.com/@keeewill/video/7341990945098976554,YouTube/Twitch/IG: LamboTelevision #fyp #foryou #foryoupage #pov #lambotelevision ,1707521606,40:25.7,lambotelevision,147600,3243,1100000,6000000,9617
139,7339175507558173994,jaygarcia118_7339175507558173994.mp4,https://www.tiktok.com/@rotterz.movie/video/7337745517457280298,#onthisday #nialong ,1708785019,40:28.2,jaygarcia118,46100,2586,739200,4400000,3318
140,7324735093329628421,nanalanofficial_7324735093329628421.mp4,https://www.tiktok.com/@sdmnplugg/video/7324678091039706386,get me that warm blankie STAT ü´° #nanalan #wonderfulgirl #puppet #cute #mona #nanalanmemes ,1705422788,40:29.8,nanalanofficial,64000,1361,705500,4800000,57000
141,7336739644178042155,bleacherreport_7336739644178042155.mp4,https://www.tiktok.com/@skitsfrommar/video/7346265642078670126,Funny Marco catching these NBA All-Stars off guard üòÇ #nbaallstar #nbabasketball #basketball #funnymarco ,1708217838,40:31.3,bleacherreport,38000,557,654800,5200000,1804
142,7332294596799515950,_compajay_7332294596799515950.mp4,https://www.tiktok.com/@sosianey/video/7341905275999259909,I hit that shi ngl üò≠üò≠ #fyp #foryou #foryoupage #stomptheyard ,1707182892,40:38.6,_compajay,9329,296,151800,743200,2529
143,7343995719990136107,ash_needsyocash_7343995719990136107.mp4,https://www.tiktok.com/@xichaofan200/video/7334011093754383658,#boyfriend #cats ,1709907263,41:03.6,ash_needsyocash,83600,2333,790100,3500000,44900
144,7347449612682251563,christheswiftie_7347449612682251563.mp4,https://www.tiktok.com/@yhateace/video/7335916175127235883,#relationshiphumor #dogsoftiktok #Bluey #squishmallows ,1710711448,41:05.7,christheswiftie,21700,789,611800,3500000,79700
145,7348238004244499758,catpants3_7348238004244499758.mp4,https://www.tiktok.com/@khaylena_/video/7340709646795017515,When brother gets a new strange haircut! ,1710895010,41:07.2,catpants3,335600,22100,5300000,23300000,830500
146,7347803188738788614,souuumyaa_7347803188738788614.mp4,https://www.tiktok.com/@clarence.movie/video/7346621976359849258,I had to repost my video with this audio sorry üó£Ô∏èüó£Ô∏èüó£Ô∏è #charlesleclerc #f1 #ferrari ,1710793750,41:08.5,souuumyaa,65900,2101,859700,4000000,27100
147,7341820218966052102,cecelia0256_7341820218966052102.mp4,https://www.tiktok.com/@insaneshayne/video/7327066377250983210,???#fyp #fyp„Ç∑ #babytiktok #foryou #kids #babytok #funny #babytok #funnyvideos #cutebaby ,1709400731,41:11.7,cecelia0256,119600,9891,2400000,12900000,100600
148,7350731276300651818,otakujunk_7350731276300651818.mp4,https://www.tiktok.com/@yoshioh8/video/7335961496914283822,Orange JUSTICE  #fyp #foryou #foryoupage #real #funny #for #batman #batmanbangkit #batmanarkham #thebatman #cosplay #funnyvideos #batmancosplay ,1711475504,41:13.5,otakujunk,159400,9608,1500000,7500000,208100
149,7341990945098976554,keeewill_7341990945098976554.mp4,https://www.tiktok.com/@riolaid/video/7323354119387958574,See yall in 3 business days.. #fall #lmaoo #funny #fyp„Ç∑ #blow #xybca ,1709440511,41:14.8,keeewill,288900,30600,3300000,14500000,646900
150,7336417320446856450,zamikaki_7336417320446856450.mp4,https://www.tiktok.com/@r3alism_official/video/7336971908690332974,#tiktokvideo #tiktokviral #viraltiktok #viralvideo #viral #tiktok #TiktokTH #‡πÄ‡∏•‡∏µ‡πâ‡∏¢‡∏á‡πÅ‡∏°‡∏ß #catsoftiktok #cats #animals #TikTokCommunityTH #‡πÅ‡∏°‡∏ß #‡πÅ‡∏°‡∏ß‡∏ô‡πà‡∏≤‡∏£‡∏±‡∏Å #‡πÅ‡∏°‡∏ß‡πÄ‡∏´‡∏°‡∏µ‡∏¢‡∏ß #‡πÅ‡∏°‡∏ß‡∏≠‡πâ‡∏ß‡∏ô #‡πÅ‡∏°‡∏ß‡∏ï‡∏•‡∏Å #‡∏ó‡∏µ‡πà‡∏™‡∏∏‡∏î‡πÅ‡∏´‡πà‡∏á‡∏õ‡∏µ#‡∏´‡∏°‡∏≤ #‡∏´‡∏°‡∏≤‡∏ô‡πà‡∏≤‡∏£‡∏±‡∏Å #‡∏´‡∏°‡∏≤‡∏ï‡∏•‡∏Å #‡∏ô‡πâ‡∏≠‡∏á‡∏´‡∏°‡∏≤ #‡∏ô‡πâ‡∏≠‡∏á‡πÅ‡∏°‡∏ß #‡∏™‡∏∏‡∏ô‡∏±‡∏Ç #‡∏™‡∏∏‡∏ô‡∏±‡∏Ç‡∏ô‡πà‡∏≤‡∏£‡∏±‡∏Å #dog#dogsoftiktok #dogs #doglover #dogsofttiktok#‡∏•‡∏π‡∏Å‡πÅ‡∏°‡∏ß #‡∏•‡∏π‡∏Å‡πÅ‡∏°‡∏ß‡∏ô‡πà‡∏≤‡∏£‡∏±‡∏Å #‡∏•‡∏π‡∏Å‡πÅ‡∏°‡∏ß‡∏ô‡πâ‡∏≠‡∏¢ ,1708142776,41:16.5,zamikaki,1700000,127200,17500000,168400000,523900
151,7335622421845724421,hoest_7335622421845724421.mp4,https://www.tiktok.com/@tyotpr/video/7342194419635916062,‚ÄúOH PUT IT DOWN‚Äù üò≠ #kids #kidsoftiktok #school #funny #comedy #relatable #hoest ,1707957695,41:18.8,hoest,1000000,63900,11000000,87100000,215200
152,7340146866581081350,artist.boy3_7340146866581081350.mp4,https://www.tiktok.com/@xenoicxavier/video/7335924883353898282,easy 3D drawing step by step : tutorial ‚ù§Ô∏èüôè,1709011123,41:20.7,artist.boy3,4959,89,39500,1700000,874
153,7331274946921975083,abbydellla_7331274946921975083.mp4,https://www.tiktok.com/@out4zz/video/7340103767263644934,Our chef is literally just a ‚ú®Jason‚ú® ,1706945552,41:23.4,abbydellla,12500,509,268600,1100000,10400
154,7354229908534742277,la.ile15_7354229908534742277.mp4,https://www.tiktok.com/@abbydellla/video/7331274946921975083,#vivelatino2024 #hombresG #temblando ,1712290088,41:25.4,la.ile15,3,1,83,1716,0
155,7351393128886111530,hogginout_7351393128886111530.mp4,https://www.tiktok.com/@0o_.arsalan_darkhil._o0/video/7330158377156332846,Every good couple should have a responsible drunk and a drunk runnerü©µ,1711629610,41:31.0,hogginout,36900,1637,814600,3900000,63200
156,7336227699955993862,wian_7336227699955993862.mp4,https://www.tiktok.com/@jacob.bowman1/video/7334736505539251499,Mcdonalds magic ü§Øüçü @megannnn @dp_dean_ #foryou #magic #fyp ,1708098620,41:32.8,wian,16800,1458,401400,26600000,1878
157,7348641719765765422,stevietoofunny_7348641719765765422.mp4,https://www.tiktok.com/@rotterz.movie/video/7324745920124292394,#viral #blowthisup #stevietoofunny #bradylxix #foryoupage #fyp @Brady LXIX ,1710989005,41:56.1,stevietoofunny,150700,1601,996300,4400000,12900
158,7341109005462375722,jerseyshore_7341109005462375722.mp4,https://www.tiktok.com/@wian/video/7336227699955993862,Replying to @bonnie belle You'll never guess what's revealed NEXT ü´£üò± it's all coming out on #jsfamilyvacation tonight at 8p on @MTV! #jerseyshore ,1709235149,41:59.8,jerseyshore,8668,1342,232000,3300000,5811
159,7330068698465848622,officialarry1k_7330068698465848622.mp4,https://www.tiktok.com/@4miy4hst4rr/video/7325646059445816607,Aye lil bro ion want no smoke üòÇ | YT: Larry King (full video) ‚ÄúRizzing Behind the Register‚Äù #fyp #foryou #xybca #boxing #blowthisup #viral #foryoupage #foru #cashier #gasstation #famous #boxer #kingvon #customer #4youpage #viraltiktok ,1706664648,42:04.6,officialarry1k,184900,3253,2800000,22000000,2450
160,7331127525646683435,gaelandale_7331127525646683435.mp4,https://www.tiktok.com/@expiredff2/video/7321432248291577119,#couple #couplegoals #funny #fyp #toxic #gaelandale #justsayyoudontloveme ,1706911185,42:07.9,gaelandale,22400,1344,220600,1500000,2910
161,7325616477803990318,jamore.love_7325616477803990318.mp4,https://www.tiktok.com/@fastclipsz/video/7340183393059015979,Well well well #fyp #reels #jamore #father #dad #parent #explore #tiktok #jamorelove #parenting #parentingtips #dadsoftiktok #gentleparenting #kids #kidsoftiktok #food #restaurant #love #foodie #love #foodreview #foodlover #mrjaysfoodreview #jamalmorton #thelovefamily ,1705628023,42:11.0,jamore.love,25700,2220,219700,2300000,1285
162,7325260740154232107,realchristianmccartney_7325260740154232107.mp4,https://www.tiktok.com/@la.ile15/video/7354229908534742277,Replying to @Anthony Biracial & ProudüíØ #halfblackhalfwhite #trending #funny #truth #family ,1705545208,42:14.8,realchristianmccartney,12700,1680,152000,1900000,2429
163,7330421145507843374,heyimsuie_7330421145507843374.mp4,https://www.tiktok.com/@liamfp/video/7331422307237252357,We‚Äôre Both From Michoac√°n Iykyk üá≤üáΩ @Snow Tha Product #carneapache #chefsuie #snowtheproduct #fyp #foryou #michoacan #mexicanfood #mexicantiktok #mexicanrecipes #cooking #suigeneris ,1706746706,42:16.5,heyimsuie,26500,2677,345100,4000000,5474
164,7321855385801887022,sheisthet_7321855385801887022.mp4,https://www.tiktok.com/@niquieb/video/7331069486180715819,It used to irk my mama‚Äôs nerves when i got to feeling myself a lil too much üò©ü§£ü§£ü§£ Did this happen to you growing up? #beingfastinthe90s #comedy ,1704752318,42:20.3,sheisthet,37700,1526,355900,1900000,2217
165,7322246036091604266,leigh_mcnasty_7322246036091604266.mp4,https://www.tiktok.com/@cotinuts/video/7326186825209417002,Kids cant keep secretsü§£ #kids #school #teacher,1704843287,42:22.7,leigh_mcnasty,11300,502,121800,1300000,2199
166,7325641621331070239,leah_txrealtor_7325641621331070239.mp4,https://www.tiktok.com/@jamore.love/video/7325616477803990318,"No such thing as the perfect parent. But keeping it real works best in our home. No delusion, upfront & honest conversations.  ‚ÄúGod, if you‚Äôre listenin‚Äô‚Ä¶HEEELPP!!‚Äù üòÜ ##fyp##girlmom##parenting",1705633864,42:25.8,leah_txrealtor,34700,2842,338600,2400000,12300
167,7335499464179862827,sheisthet_7335499464179862827.mp4,https://www.tiktok.com/@cakeman888fn/video/7348297417768422698,My mama stayed covering my neck and chest in the 90‚Äôs early 2000‚Äôs üò©üòÇ  #beingfastinthe90s ,1707929120,42:29.0,sheisthet,22300,1999,227400,1100000,2815
168,7331069486180715819,niquieb_7331069486180715819.mp4,https://www.tiktok.com/@majorsportssleague/video/7340092468177685803,Are you splitting a $4600 bill when your meal was much cheaper than others????? #dinner #fyp #viral ,1706897677,42:32.5,niquieb,22700,7996,326400,4100000,3146
169,7322136830072098090,drew_talbert_7322136830072098090.mp4,https://www.tiktok.com/@omarnutro/video/7328245912403266858,You can lead a horse to Dry January but you can‚Äôt make him not drink (co-write w/ @Andrea Kelley) #dryjanuary #serverlife #southernhumor #rolltide #bistrohuddy #restaurantlife ,1704817860,42:35.7,drew_talbert,46700,1864,983200,5900000,2391
170,7330493450237840683,fabianahdz_7330493450237840683.mp4,https://www.tiktok.com/@niekarichard/video/7324875128263707947,Pls bc idk how i was bold enough to do this üò≠üò≠üò≠ #fyp #motherinlaw #foryoupage #motherdaughter #fyp„Ç∑ ,1706763525,42:39.3,fabianahdz,15800,1078,288800,1800000,1401
171,7333779232721587498,careajuku_7333779232721587498.mp4,https://www.tiktok.com/@zostyler/video/7328838652681899265,would you go for your boyfriend? #zodiacsigns #fyp #fight ,1707528569,42:44.9,careajuku,12400,1307,69300,652900,607
172,7336971908690332974,r3alism_official_7336971908690332974.mp4,https://www.tiktok.com/@souuumyaa/video/7347803188738788614,The song says it all üóø #gta6 #fyp„Ç∑„Çöviral #xyzabc #bros #relatable #darkhumor #guys ,1708271922,43:11.6,r3alism_official,18300,2289,106300,641700,1701
173,7340481791049895214,user2120792199276_7340481791049895214.mp4,https://www.tiktok.com/@luhdaren/video/7330442558805413163,#fyp #foryou #foryoupage #fyp„Ç∑ #viral ,1709089110,43:14.4,user2120792199276,9247,207,70200,1700000,1190
174,7334011093754383658,xichaofan200_7334011093754383658.mp4,https://www.tiktok.com/@hoest/video/7335622421845724421,#fyp #fyp„Ç∑ #foryou #viral #fyp #fyp„Ç∑ #foryou #viral ,1707582553,43:17.0,xichaofan200,12500,340,83400,2700000,345
175,7328941359832780038,alanski_1_7328941359832780038.mp4,https://www.tiktok.com/@nolimitjay_/video/7331191721574862123,He needs to get back to sturdyüò≠#fyp #foryou #alibabaüí´ #viral ,1706402138,43:20.1,alanski_1,34300,1195,511500,5900000,839
176,7334105082050399493,official_quino_7334105082050399493.mp4,https://www.tiktok.com/@diegohsaint/video/7347829949245492523,#bronxdrill #nycdrill #harlemdrill #kayflock ,1707604411,43:21.9,official_quino,10700,7662,134100,1600000,175
177,7327654436040461574,r.eabetswe__7327654436040461574.mp4,https://www.tiktok.com/@juiceditup/video/7339278706721983775,Because why arent you wearing a durag or something?üò≠üò≠,1706102502,43:24.2,r.eabetswe_,13500,2298,140800,699600,1834
178,7344515297111690542,thatworldpage_7344515297111690542.mp4,https://www.tiktok.com/@murdaricky1/video/7343065340986871083,His face says it all‚Ä¶üòî,1710028248,43:26.1,thatworldpage,29900,796,297200,6400000,483
179,7346265642078670126,skitsfrommar_7346265642078670126.mp4,https://www.tiktok.com/@the_mighty_square/video/7331543031742467370,I saw like 3-4 people do something like this if yall know them tag them pls #fyp #stutter #skit #comedy #foryou #funny,1710435771,43:30.5,skitsfrommar,193200,7377,1500000,9300000,80300
180,7328165641033289006,apocalypse_scar_7328165641033289006.mp4,https://www.tiktok.com/@patthadon._/video/7344026363268959506,LIKE SHOOT GOD IS GREAT #fyp #foryou #repost #jesus #jesuschrist #jesuslovesyou #godisgood #godlovesyou ,1706221535,43:32.0,apocalypse_scar,45900,2008,309100,1600000,1721
181,7328838652681899265,zostyler_7328838652681899265.mp4,https://www.tiktok.com/@klipzay/video/7335525790106291498,Replying to @adrian this could be a sport @888TWEAK #football #nba #kobe #soccer #neymar #fyp #foryou ,1706378236,43:33.4,zostyler,93500,2947,915400,8800000,1598
182,7331422307237252357,liamfp_7331422307237252357.mp4,https://www.tiktok.com/@omarnutro/video/7330056762210389294,World cup final red card üíî #football #soccer #fyp #liamfp #zidane #france #italy #fyp ,1706979778,43:35.8,liamfp,4525,631,49900,622400,79
183,7342413520958524679,.relatablefun4_7342413520958524679.mp4,https://www.tiktok.com/@eric_ali18/video/7346731539478089002,legit we are never serious #fyp #bsf #austinmcbroom #school #relatable #laugh #foryoupage #funny #friendship ,1709538873,43:39.6,.relatablefun4,100600,11100,599500,2900000,110900
184,7333610963469389062,zoetheboer_7333610963469389062.mp4,https://www.tiktok.com/@amauryguichon/video/7350315585571409194,W parents üò≠ #lethotheboer #fyp„Ç∑„Çö #relatable #foryou  ( credits to @Kimüíü ) @Lolo‚ú® ,1707489364,43:41.8,zoetheboer,42500,1505,268900,2200000,1621
185,7341905275999259909,sosianey_7341905275999259909.mp4,https://www.tiktok.com/@plasma/video/7351511783880035630,Da lincenca aqui Novinha #dancinha #humor #neymar #foryou ,1709420535,44:03.1,sosianey,35600,10800,770700,12900000,6266
186,7328705617265249543,azuraa_000_7328705617265249543.mp4,https://www.tiktok.com/@divinezay/video/7324082720781487403,#fyp #cute #fyp„Ç∑ #funnyvideos #catsoftiktok ,1706347251,44:04.5,azuraa_000,825800,75000,6800000,55500000,191000
187,7338124506298420485,st4r.faces_7338124506298420485.mp4,https://www.tiktok.com/@moefushigoru/video/7341860470057454890,Sheldon is iconic | #youngsheldon #sheldoncooper #jovemsheldon #velocity #velocityedit #edit #viral #viralvideo #fyp #fyp„Ç∑ #originalcontent #foryou #foryoupage #st4rfaces (ORIGINAL CONTENT),1708540255,44:07.4,st4r.faces,187900,7584,2200000,25300000,9566
188,7330158377156332846,0o_.arsalan_darkhil._o0_7330158377156332846.mp4,https://www.tiktok.com/@dareallmb_/video/7324974610053844270,*‚Ä¢ÿ∑ÿßŸÇ ÿ®ÿßÿ¥..!ü¶Öüñêüèª‚Ä¢* #cupcut ____#_arsalan_official_ ____ #ÿßŸÅÿ∫ÿßŸÜŸáÿß€å_ŸÖŸÇ€åŸÖ_ÿßŸÖÿ±€å⁄©ÿßüá¶üá´üá∫üá∏  #ÿ™ÿßÿ¨⁄©__ÿßŸàÿ≤ÿ®⁄Ø__Ÿæÿ¥ÿ™ŸàŸÜ__Ÿáÿ≤ÿßÿ±Ÿá__ÿ™ÿ±⁄©ŸÖŸÜüá¶üá´  #forupage #foruyou #fyp #ü¶Öüñ§ #ü•Äüñ§ #‚ù§Ô∏è ,1706685506,44:11.5,0o_.arsalan_darkhil._o0,7849,677,74500,1400000,529
189,7333246075857292562,roses_are_rosie_7333246075857292562.mp4,https://www.tiktok.com/@danyuhll/video/7342278057832549675,,1707404408,44:13.5,roses_are_rosie,447800,61800,9600000,59600000,34300
190,7322568405314178309,basketballsp_7322568405314178309.mp4,https://www.tiktok.com/@rotterz.movie/video/7325480273729195306,üèÄüß† #basketball ,1704918317,44:16.4,basketballsp,30100,1538,328700,3100000,4277
191,7340103767263644934,out4zz_7340103767263644934.mp4,https://www.tiktok.com/@drew_talbert/video/7322136830072098090,Parte 1 #kobe #kobebryant #animation #nba #basketball #basquete #monster #fy #fyp #foryou #viral ,1709001089,44:18.8,out4zz,58000,2447,547000,4700000,1892
192,7328195949317180674,zenontech_7328195949317180674.mp4,https://www.tiktok.com/@kreo444/video/7343091029647576362,his keeping my setup ig #tech #w #techtok #gaming #gamingsetup #fortnite #clip #fortniteclip #fyp #littlebrother #brother #kbm #fam ,1706228591,44:21.2,zenontech,27300,7767,207700,4600000,4622
193,7350315585571409194,amauryguichon_7350315585571409194.mp4,https://www.tiktok.com/@thatworldpage/video/7344515297111690542,Chocolate Pencil & Sharpener! ‚úèÔ∏è This one is for everyone who used to bite their pencil as a kid! üôãüèº‚Äç‚ôÇÔ∏è #amauryguichon #chocolate ,1711378735,44:23.0,amauryguichon,130900,14200,2600000,54300000,95400
194,7333409876351143176,sunnahvigor_7333409876351143176.mp4,https://www.tiktok.com/@gentlemantiktokk/video/7345442722276232491,"On Friday, there is an hour during which, if any Muslim is standing in front of Allah in salat, and asking Allah for something good, he will be granted his request.‚Äù Then he made a sign with his hands, showing that it a very short period of time. (Recorded in al-Bukhari).                          #f #tik #tok #muslim #deen #fridayprayer #jummahamubarakstatusüïãü§≤ #jumma #jummamubarak #hadith #fridayhadith #hadees #dua #duas #asmr #tiktokindia #tiktokdubai #viraltiktok #viralvideo #fyp #fyp„Ç∑ #dua #sunnah #makedua ",1707442551,44:25.6,sunnahvigor,48900,4969,340100,3700000,43100
195,7332473000018611457,txt.bighitent_7332473000018611457.mp4,https://www.tiktok.com/@chunkzxfillyclipped/video/7339271056978431274,just feel this beatüéß,1707224414,44:28.2,txt.bighitent,317600,39100,4000000,17900000,38600
196,7347018769899851038,mondejour_7347018769899851038.mp4,https://www.tiktok.com/@xxmovies6/video/7331762952833387819,Wait i didnt expect  this guy to start to be able to dance üò≠üî• #mondejour @Merrick ,1710611156,44:29.6,mondejour,44600,4488,1000000,13700000,5272
197,7349245241980931371,werenotreallystrangers_7349245241980931371.mp4,https://www.tiktok.com/@micahdaileywhite/video/7328918215302630702,who do you think of? #fyp #love ,1711129536,44:31.7,werenotreallystrangers,70700,6872,477400,3300000,159000
198,7321540718420364587,insaneshayne_7321540718420364587.mp4,https://www.tiktok.com/@paulisknown/video/7322233046894185774,Replying to @someone Johnson wasn‚Äôt readyüèàüò¢ #football #funny #skit #comedyskit #sports ,1704679058,44:52.6,insaneshayne,1885,63,29900,348000,239
199,7335639233429835050,thewashedathlete_7335639233429835050.mp4,https://www.tiktok.com/@txt.bighitent/video/7332473000018611457,COLDEST PHOTOS FROM THE SUPER BOWL ü•∂ #nfl #coldestmoments #sports #fyp #fyp„Ç∑ #foryou ,1707961623,44:55.6,thewashedathlete,2814,175,26700,333500,107
200,7321867624931986730,nicky.cass1_7321867624931986730.mp4,https://www.tiktok.com/@3kaidenn/video/7333054790248828206,Horrendous call stripes. Horrendous. #nickypenalties ,1704755172,44:58.5,nicky.cass1,9815,893,201800,1900000,4199
201,7322538286222707998,daddywelness_7322538286222707998.mp4,https://www.tiktok.com/@r.eabetswe_/video/7327654436040461574,Pre class catapult ,1704911365,45:01.3,daddywelness,8633,494,144700,1300000,4269
202,7340092468177685803,majorsportssleague_7340092468177685803.mp4,https://www.tiktok.com/@ac1d1x/video/7329983807220665646,OH MY GOD DUNK OF THE YEAR???? BEST DUNK EVER?? #fyp #minibasketballhoop #getdunkedon #dunk #minibasketball #points #basketball #foryou #minibasketballcourt #basketballdunk #pass ,1708998466,45:04.1,majorsportssleague,434,106,10500,218800,163
203,7325216756853787946,pete_soto23_7325216756853787946.mp4,https://www.tiktok.com/@mainlymannie/video/7331134375796509995,Just a team guy üòÇ #Baseball #POVBaseball #SundayBaseball #CollegeBaseball #BaseballPOV #Micdup #MicUpbaseball #BaseballPlayers #baseballszn #baseballboys #baseballtiktoks #BaseballisLife #MLB #foryou #foryoupage #fyp #fy #fyp„Ç∑ #fypage„Ç∑ ,1705534968,45:06.1,pete_soto23,1287,98,24000,259700,15
204,7339278706721983775,juiceditup_7339278706721983775.mp4,https://www.tiktok.com/@annnoka/video/7338033084580908293,Gotta chillüíÄ #fitness #motivation #flex #flexup #looksmax #girlsnapping #girlsvsboys ,1708809029,45:13.2,juiceditup,15500,911,191900,1300000,1968
205,7337577005585648939,tankerstwinbrother_7337577005585648939.mp4,https://www.tiktok.com/@chucky_v_v_/video/7352238874476711174,#jakebrake #LexusTx350 #lotlizard,1708412859,45:15.6,tankerstwinbrother,17800,521,245400,5800000,751
206,7349549260616240430,houseofhighlights_7349549260616240430.mp4,https://www.tiktok.com/@karissaispretty/video/7321899828743589151,Bro stocked him on the shelves ü§£üíÄ (via @Josh moore) #football #tackle #athlete #gothim ,1711200353,45:17.5,houseofhighlights,148300,4504,1100000,11200000,193400
207,7343065340986871083,murdaricky1_7343065340986871083.mp4,https://www.tiktok.com/@tbhcacagirl/video/7341080338803821866,Is she setting me up or should i do itü§î,1709690642,45:45.8,murdaricky1,17400,655,530500,5100000,1483
208,7321969566442114306,luvmsea_666_7321969566442114306.mp4,https://www.tiktok.com/@rajaking1x/video/7340419141758733610,Velvet and Veneer gacha version (PART 2) #trolls3 #singing #veneer #velvet #gacha #3 #fyp #trending #kidsareyummy #velvetandveneer #art #velvettrollls #trollsbandtogether ,1704778897,45:47.6,luvmsea_666,10000,466,54000,361700,115
209,7335834181345217798,msicskps_7335834181345217798.mp4,https://www.tiktok.com/@bleacherreport/video/7336739644178042155,"eu nunca pensei que faria um edit do cellbit mas aqui estou eu fazendo, enfim com tudo que aconteceu com ele eu achei que o que eu poderia fazer foi esse edit como forma de apoio, eu como pessoa ace sei bem como foi a dor dele, n√£o o acompanho muito mas espero que ele fique bem, n√≥s estamos com vc Cellbit!! || cr√©ditos das artes: chaleirametalic, unit_ssn0va, qrzukitz, veveoli, sweetstove, somedeimi no Twitter #fy #fypage #cellbit #qsmp #ace #asexuality #rafaellange #qcellbit #edits ",1708006997,45:51.1,msicskps,4546,187,22500,96200,488
210,7333080272826600746,kamiasuraa_7333080272826600746.mp4,https://www.tiktok.com/@aceskeys/video/7336687273955593502,,1707365832,45:53.6,kamiasuraa,7904,587,53100,259100,656
211,7346134677230472453,lovingasmo_7346134677230472453.mp4,https://www.tiktok.com/@queenkhammyra/video/7336378893676612910,I just said Hi..‚òπÔ∏è #characterai #caibots #capcut #fyp ,1710405270,45:54.9,lovingasmo,35700,11600,260300,1800000,5192
212,7330278232144497962,xb137817hn_7330278232144497962.mp4,https://www.tiktok.com/@elijahwaun/video/7345927834768084266,#tiktok #foryou #funny ,1706713414,45:56.6,xb137817hn,13300,364,102200,1200000,263
213,7353354698050538769,shai_014_7353354698050538769.mp4,https://www.tiktok.com/@expiredff2/video/7322134362437274911,–ú–∞–ª—ã—à –õ—é—Ç–µ—Ä üå∏ #luther #lutherivory #„É©„É≥„Éï„É¨„É≥ #ranfren #ranfrenfanart #dreamluther #—Ä–∞–Ω—Ñ—Ä–µ–Ω #–ª—é—Ç–µ—Ä #–ª—é—Ç–µ—Ä–≤–æ–Ω–∞–π–≤–æ—Ä–∏ #viral ,1712086316,46:01.9,shai_014,233,16,1047,4921,22
214,7333088719940947208,thelazyducky___7333088719940947208.mp4,https://www.tiktok.com/@jamesofflames1/video/7327808729779293486,Comes with an achievement too üòÇ  #fyp #foryou #foryoupage #questionablevideo #honkai #honkaistarrail #penacony #penaconyhonkaistarrail #penaconyhonkai #hsr #fy ,1707367773,46:06.1,thelazyducky__,28000,1304,216900,1300000,6021
215,7352238874476711174,chucky_v_v__7352238874476711174.mp4,https://www.tiktok.com/@xb137817hn/video/7330278232144497962,"–ü–æ–≤: –ù—ñ–ª –Ω–µ –ø–æ–≤–µ—Ä–Ω—É–≤—Å—è. –í—Å–µ, —â–æ –∑–∞–ª–∏—à–∏–ª–æ—Å—å –≤—ñ–¥ –Ω—å–æ–≥–æ - —Ü–µ –ø—Ä–∞—Ö. –ï–Ω–¥—Ä—é –≤–∏—Ä—ñ—à–∏–≤ —Ä–æ–∑—Å—ñ—è—Ç–∏ –π–æ–≥–æ –ø–æ—Ä—è–¥ –∑ –ø—Ä–∞—Ö–æ–º –º–∞—Ç–µ—Ä—ñ.–ß–∞—Å –≤—ñ–¥ —á–∞—Å—É –≤—ñ–Ω –ø—Ä–∏—Ö–æ–¥–∏—Ç—å –¥–æ –ù—ñ–ª–∞ —Ç–∞ –∫–∞–∂–µ —Ç—ñ —Å–ª–æ–≤–∞, —è–∫—ñ –Ω–µ –≤—Å—Ç–∏–≥. #allforthegame #andrewminyardcosplay #allforthegamecosplay #–≤—Å–µ–∑–∞—Ä–∞–¥–∏–≥—Ä–∏ #aftg #aftgcosplay #neiljosten #allforthegameedit ",1711826514,46:08.7,chucky_v_v_,329,29,1736,5505,66
216,7342942251145923886,zydariuss_7342942251145923886.mp4,https://www.tiktok.com/@sheisthet/video/7335499464179862827,ü•∑üèæ sound like YBüòπ $750 in b!oü§ë‚úÖ #fyp #zydariuss #relatable #nbayoungboy ,1709661983,46:38.0,zydariuss,93200,2656,842700,5400000,5834
217,7331500638037134638,wickedelii_7331500638037134638.mp4,https://www.tiktok.com/@stevietoofunny/video/7348641719765765422,thats your soulmate btch bye üò≠ #fyp #viral #trending #fyp„Ç∑ #foryou #relatable #wickedelii ,1706998040,46:40.3,wickedelii,7468,1673,79600,448700,313
218,7341860470057454890,moefushigoru_7341860470057454890.mp4,https://www.tiktok.com/@energeticchildren/video/7344612038934596906,#fyp #foryoupage #viral ‚Äúmr honest reactions & geeked up like a nerd‚Äùüî•üî•,1709410132,46:41.9,moefushigoru,6477,250,109600,726500,31
219,7342194419635916062,tyotpr_7342194419635916062.mp4,https://www.tiktok.com/@nanalanofficial/video/7324735093329628421,2007 WWE straight crashin üòÇ #fyp #foryoupage #fyp„Ç∑ ,1709487893,46:43.6,tyotpr,32900,3620,284800,1700000,5340
220,7340396737787383083,charlie2rawww__7340396737787383083.mp4,https://www.tiktok.com/@notbradenfn/video/7323740210829839662,#fyp #xyz #trending #blowthisup #viral #relatable #charlie2rawww ,1709069312,46:45.2,charlie2rawww_,18200,2525,232400,1700000,3623
221,7336378893676612910,queenkhammyra_7336378893676612910.mp4,https://www.tiktok.com/@leobeckerdesign/video/7354147439860796677,ü§îü§îü§î@r√∏dj√•√øüíï @Robiiiworld  @Super Gang Fam #queenkhamyra #relatable #siblings #relationshipadvice #whyhaveonewhenyoucanhavefive ,1708133849,46:46.7,queenkhammyra,15500,404,103300,1300000,984
222,7325646059445816607,4miy4hst4rr_7325646059445816607.mp4,https://www.tiktok.com/@crownsbchillin/video/7346380579593522475,HEYYYYYYü•∞ #fyp„Ç∑ #trending #4miy4hst4rr #blowthisup #relatable ,1705634899,46:48.2,4miy4hst4rr,4779,76,38400,187000,293
223,7327838071292972334,splashe.nfl_7327838071292972334.mp4,https://www.tiktok.com/@splashe.nfl/video/7327838071292972334,best one on this list? üëá #nfl #football ,1706145274,2024-04-06 01:48:17.476634,splashe.nfl,26600,1573,470700,5700000,1488
224,7325894818683505966,pitcherprospects_7325894818683505966.mp4,https://www.tiktok.com/@pitcherprospects/video/7325894818683505966,Is the hype about Max Clark true üëÄ#baseball #basballboys #baseballszn #fyp #baseballtiktoks¬†,1705692838,2024-04-06 01:48:20.928126,pitcherprospects,8576,427,182200,2000000,380
225,7330300623964966190,ap.nfl_7330300623964966190.mp4,https://www.tiktok.com/@ap.nfl/video/7330300623964966190,Which player is your least favorite?ü§îüëá#nfl #football ,1706718626,2024-04-06 01:48:24.558181,ap.nfl,15800,4160,264900,4200000,374
226,7338627491197652266,ote_7338627491197652266.mp4,https://www.tiktok.com/@ote/video/7338627491197652266,Bro fell in slow motion üò≠ #ote #oteplayoffs #hoops #basketball ,1708657373,2024-04-06 01:48:28.483798,ote,669,74,24100,232300,15
227,7323754053245160747,overtime7_7323754053245160747.mp4,https://www.tiktok.com/@overtime7/video/7323754053245160747,ON HIS MF HEAD OMG ü§Ø #headtap #football #d1 #7on7 #wtf #insane ,1705194384,2024-04-06 01:48:29.990783,overtime7,4101,352,51600,551200,265
228,7343003143871057195,ote_7343003143871057195.mp4,https://www.tiktok.com/@ote/video/7343003143871057195,Might be a little exaggerated but I‚Äôm still saying foul ü´£ @Gatorade #oteplayoffs #hoops ,1709676157,2024-04-06 01:48:31.517434,ote,948,507,32600,360200,19
229,7322516885679967530,flocktitans1_7322516885679967530.mp4,https://www.tiktok.com/@flocktitans1/video/7322516885679967530,Tyreek hill‚Äôs best celebrations of all time #nflcelebrations #miamidolphins #kcchiefs ,1704906355,2024-04-06 01:48:33.644872,flocktitans1,45200,1619,612900,6400000,4241
230,7321946029253971246,rwe_7321946029253971246.mp4,https://www.tiktok.com/@rwe/video/7321946029253971246,I need a change of clothes‚Ä¶ üòÖ #ote #rwe #hoops #basketball ,1704773446,2024-04-06 01:48:36.025407,rwe,8246,434,212700,1600000,67
231,7338062762511437102,konner_burrell_7338062762511437102.mp4,https://www.tiktok.com/@konner_burrell/video/7338062762511437102,Plakata #fyp #baseball ,1708525918,2024-04-06 01:48:37.423231,konner_burrell,1410,126,44500,909000,136
232,7338518911354146090,ryansports9_7338518911354146090.mp4,https://www.tiktok.com/@ryansports9/video/7338518911354146090,Is Ray Lewis The Most Intimidating Player Of All Time??ü§î #nfl #football #fyp #fyp„Ç∑ #edit #hype #baltimore #ravens #raylewis #ryansports9 ,1708632092,2024-04-06 01:48:39.313133,ryansports9,10600,301,84400,655300,571
233,7330325566538730795,flocktitans1_7330325566538730795.mp4,https://www.tiktok.com/@flocktitans1/video/7330325566538730795,NFL teams best celebrations of all time (San Francisco 49ers) #sanfrancisco49ers #kansascitychiefs #bestcelebrations ,1706724475,2024-04-06 01:48:42.966068,flocktitans1,7215,522,60300,577700,669
234,7328507622762728750,rodgers_realm_7328507622762728750.mp4,https://www.tiktok.com/@rodgers_realm/video/7328507622762728750,Oh and we are‚Ä¶ just getting started.  #aaronarmy #aaronrodgers #packers #jets #qb #football #nfl #paycut #darkness #arod #ar12 #tribute #highlight #footballtiktok #sports #espn #barstool #patmcafeeshow,1706301192,2024-04-06 01:48:52.924467,rodgers_realm,4369,283,76900,644500,533
235,7328856948986875182,dripfootball_7328856948986875182.mp4,https://www.tiktok.com/@dripfootball/video/7328856948986875182,Best one from this list? ü§®üëá #football #nfl #nfltiktok #nflfootball ,1706382517,2024-04-06 01:49:03.336160,dripfootball,11300,950,191000,3500000,213
236,7328553098396618030,_travishunter_7328553098396618030.mp4,https://www.tiktok.com/@_travishunter/video/7328553098396618030,Just another day #fyp„Ç∑„Çöviral #runthecity #football #heisman ,1706311772,2024-04-06 01:49:07.256095,_travishunter,3939,422,83900,753400,688
237,7323497931078683946,drewdrewwhite_7323497931078683946.mp4,https://www.tiktok.com/@drewdrewwhite/video/7323497931078683946,Part 13 ##funny #fyp #youngsheldon ,1705134824,2024-04-06 01:49:27.406542,drewdrewwhite,2766,153,45300,855300,50
238,7322901742444760363,rotterz.movie_7322901742444760363.mp4,https://www.tiktok.com/@rotterz.movie/video/7322901742444760363,#foryou #fyp #tiktok ,1704995939,2024-04-06 01:49:31.709586,rotterz.movie,247,11,5640,180500,13
239,7327350700466539822,squanchychif_7327350700466539822.mp4,https://www.tiktok.com/@squanchychif/video/7327350700466539822,#fyp #foryou #tiktok ,1706031839,2024-04-06 01:49:34.352658,squanchychif,579,20,12800,239800,23
240,7332493738243116334,squanchychif_7332493738243116334.mp4,https://www.tiktok.com/@squanchychif/video/7332493738243116334,,1707229294,2024-04-06 01:49:41.270070,squanchychif,540,26,6450,139900,12
241,7321403278527368491,rotterz.movie_7321403278527368491.mp4,https://www.tiktok.com/@rotterz.movie/video/7321403278527368491,#foryou #fyp #tiktok ,1704647064,2024-04-06 01:49:43.665634,rotterz.movie,890,77,18300,277700,126
242,7332904815304985898,squanchychif_7332904815304985898.mp4,https://www.tiktok.com/@squanchychif/video/7332904815304985898,,1707324961,2024-04-06 01:49:46.135451,squanchychif,2857,113,43000,445700,20
243,7327443227102039327,user9483301755490_7327443227102039327.mp4,https://www.tiktok.com/@user9483301755490/video/7327443227102039327,#movie #film #foryou ,1706053366,2024-04-06 01:49:48.441266,user9483301755490,1339,36,17900,397400,16
244,7324747739567312170,rotterz.movie_7324747739567312170.mp4,https://www.tiktok.com/@rotterz.movie/video/7324747739567312170,#foryou #fyp #tiktok ,1705425763,2024-04-06 01:49:53.670790,rotterz.movie,4705,91,96000,1100000,54
245,7326286565725015326,the_home_depot_memes_7326286565725015326.mp4,https://www.tiktok.com/@the_home_depot_memes/video/7326286565725015326,TIMBERRR #memes #thehomedepot #homedepotmemes #retail #retailmemes #fyp„Ç∑ #fyp #forkliftcertified #forklift ,1705784062,2024-04-06 01:49:56.226558,the_home_depot_memes,765,196,12300,1100000,499
247,7331360939712777518,squanchychif_7331360939712777518.mp4,https://www.tiktok.com/@squanchychif/video/7331360939712777518,,1706965573,2024-04-06 01:49:58.505249,squanchychif,396,13,5934,181100,10
248,7324348269436357930,rotterz.movie_7324348269436357930.mp4,https://www.tiktok.com/@rotterz.movie/video/7324348269436357930,#foryou #fyp #tiktok ,1705332741,2024-04-06 01:50:01.291620,rotterz.movie,1345,31,34500,579200,26
250,7332554201496702250,ldyaen2_7332554201496702250.mp4,https://www.tiktok.com/@ldyaen2/video/7332554201496702250,,1707243371,2024-04-06 01:50:04.714776,ldyaen2,3329,120,45300,610000,47
251,7334317229195939073,npc.zwan_7334317229195939073.mp4,https://www.tiktok.com/@npc.zwan/video/7334317229195939073,Tag ur bro#fyp #xybca #real #facts #relatable #trentonfs ,1707653807,2024-04-06 01:50:23.568357,npc.zwan,80300,163700,774700,6700000,15800
252,7334708355224653074,fnmapmakerz_7334708355224653074.mp4,https://www.tiktok.com/@fnmapmakerz/video/7334708355224653074,*headshot sniped* #fortnite #fortnitememes #fortniteclips ,1707744872,2024-04-06 01:50:26.672268,fnmapmakerz,81200,4143,848200,6100000,13100
253,7322673279548787974,lukedavidson__7322673279548787974.mp4,https://www.tiktok.com/@lukedavidson_/video/7322673279548787974,Son Shows Parents His Math Test,1704942737,2024-04-06 01:50:27.983800,lukedavidson_,67500,3655,760000,10900000,6884
254,7324151742378036486,sunfire.volleyball_7324151742378036486.mp4,https://www.tiktok.com/@sunfire.volleyball/video/7324151742378036486,#volleyball #vball ,1705286968,2024-04-06 01:50:29.756654,sunfire.volleyball,116800,29200,2000000,15600000,3121
255,7333827806851353857,angelinasupergurl238_7333827806851353857.mp4,https://www.tiktok.com/@angelinasupergurl238/video/7333827806851353857,I NEVER LAUGHED SO HARD üò≠,1707539859,2024-04-06 01:50:31.436337,angelinasupergurl238,40700,1880,308000,1800000,12700
256,7340720732164410630,.chiromin_7340720732164410630.mp4,https://www.tiktok.com/@.chiromin/video/7340720732164410630,OOOOOO PUT IT DOWN üò° #fyp #funny #skit #foryoupage #foryou ,1709144737,2024-04-06 01:50:34.047798,.chiromin,31200,1569,501500,4300000,2007
257,7329358809560845599,hayhay_597_7329358809560845599.mp4,https://www.tiktok.com/@hayhay_597/video/7329358809560845599,They really do be like that üò≠ ##fyp„Ç∑##foryou##school##teachers##thebelldontdismissyouido,1706499374,2024-04-06 01:50:36.447643,hayhay_597,272200,33100,2700000,21500000,45200
258,7322828954048515371,mias_mini_vlogs_7322828954048515371.mp4,https://www.tiktok.com/@mias_mini_vlogs/video/7322828954048515371,Prove me wrong.  #awkward #drivingalone #friendsparent #driving #funny #fy #fyp #fypage ,1704978996,2024-04-06 01:50:37.777202,mias_mini_vlogs,180000,22000,2400000,10300000,9500
259,7337252458340633858,npc.zwan_7337252458340633858.mp4,https://www.tiktok.com/@npc.zwan/video/7337252458340633858,Fr#fyp #xybca #real #facts #relatable #trentonfs ,1708337224,2024-04-06 01:50:38.912941,npc.zwan,2038,1370,17400,253600,207
260,7322977716544802054,marmitexdojosh_7322977716544802054.mp4,https://www.tiktok.com/@marmitexdojosh/video/7322977716544802054,#JOSHHUTCHERSON || this is so cute. #marmitexdojosh #music #audio #trend #joshhutcherson #mylove #images #fotos #beautiful #clip #interview #scared #whistlebaby #joshhorowitz ,1705013619,2024-04-06 01:50:41.630949,marmitexdojosh,43000,2295,299600,2000000,2243
262,7337490336224202026,destroygee_7337490336224202026.mp4,https://www.tiktok.com/@destroygee/video/7337490336224202026,simon says jump!!üò≠üò≠#fyp #hooper #relatable ,1708392623,2024-04-06 01:51:03.278729,destroygee,21600,1014,421100,3500000,1321
263,7322902068526681386,nike_7322902068526681386.mp4,https://www.tiktok.com/@nike/video/7322902068526681386,Built for Quick Cuts ‚úÇÔ∏è The G.T. Cut 3 is available globally January 13 üí® Tap the link to get notified. #nikebasketball,1704996012,2024-04-06 01:51:05.099060,nike,4799,255,107900,2000000,666
264,7342535547379813675,espn_7342535547379813675.mp4,https://www.tiktok.com/@espn/video/7342535547379813675,Which #run was the most accurate? üòÇ (via @SimonsSaysJax) #nba #lebron #stephcurry #giannis ,1709567328,2024-04-06 01:51:06.567042,espn,1040,184,23500,326800,201
265,7324097301167738155,girlthatskevvv_7324097301167738155.mp4,https://www.tiktok.com/@girlthatskevvv/video/7324097301167738155,What ball?  #fyp #viral #xyzbca #trending #explore #tiktok #blowthisup #basketball #fypage #foryou #hooper #dunk #forupage #duet #bball #sports ,1705274312,2024-04-06 01:51:08.040746,girlthatskevvv,2553,3964,42400,828200,33
266,7339403184370158894,freelancebell_7339403184370158894.mp4,https://www.tiktok.com/@freelancebell/video/7339403184370158894,McEachern High School vs Newton Ace Bailey drops half court buzzer beater. #acebailey #nba #basketball #hshoops ,1708837998,2024-04-06 01:51:10.157147,freelancebell,744,67,26000,257000,191
267,7327021645573442862,coach.domo_7327021645573442862.mp4,https://www.tiktok.com/@coach.domo/video/7327021645573442862,"Pg Tips:Handling Full Court Pressure üèÄ  Got to be able to change pace, change levels of dribbling height, and protecting the ball. #coach.domo #ballislife #hoopersofinstagram #hooper #athlete #athletics #nba #overtime #pickup #explorepage #explore #exploremore #basketballtips #basketball #basketballtraining #tips #foryou #hooper #hooping #hoop #hoopersoftiktok #nba2k23 #fyp #fyp„Ç∑ #foryoupage #viral #viralvideos #viralreels",1705955196,2024-04-06 01:51:11.896143,coach.domo,9341,400,88900,1200000,295
268,7336086169085660458,warriors_7336086169085660458.mp4,https://www.tiktok.com/@warriors/video/7336086169085660458,Stephen KNEW Dray‚Äôs shot was good #nba ,1708065745,2024-04-06 01:51:15.585471,warriors,1291,130,47200,362500,59
269,7325265335643393322,hornets_7325265335643393322.mp4,https://www.tiktok.com/@hornets/video/7325265335643393322,LaMelo Ball with an assist from LaMelo Ball üï∫ #lameloball #nba #charlottehornets ,1705546270,2024-04-06 01:51:17.197712,hornets,1100,98,21300,183200,140
270,7332236129166724398,n8_ryan_7332236129166724398.mp4,https://www.tiktok.com/@n8_ryan/video/7332236129166724398,Where would basketball players rather hoop? #basketball #hooper #hoops #fyp ,1707169298,2024-04-06 01:51:18.592800,n8_ryan,9545,3742,124500,2300000,296
272,7323754289678159150,fabianahdz_7323754289678159150.mp4,https://www.tiktok.com/@fabianahdz/video/7323754289678159150,We are off the clock when the grandparents are out with us üò≠üòÇ #fyp #wlwcouple #wlw #comedy #fyp„Ç∑ #grandparents ,1705194445,2024-04-06 01:51:41.578447,fabianahdz,2918,112,102400,723700,310
274,7336824343021800747,fabianahdz_7336824343021800747.mp4,https://www.tiktok.com/@fabianahdz/video/7336824343021800747,I did my MIL wrong üò≠üòÇ #fyp #foryoupage #foryou #fyp„Ç∑ ,1708237570,2024-04-06 01:51:44.188839,fabianahdz,585,57,45100,480800,18
275,7337833726249930014,missunderstood105_7337833726249930014.mp4,https://www.tiktok.com/@missunderstood105/video/7337833726249930014,Back in my day a pen was a pen üñäÔ∏è thats it and thats all! Got me over here relying fully on context clues to decipher the argument ü§¶üèæ‚Äç‚ôÄÔ∏è #teacher #teacherlife #fyp #skitlife #highschool #blackteacher #actress #fyp„Ç∑ #blackpeopletiktok #foryou #spoofqueen #mspierce ,1708472564,2024-04-06 01:51:45.647626,missunderstood105,14700,1148,229200,1300000,992
276,7346083973623303466,fabianahdz_7346083973623303466.mp4,https://www.tiktok.com/@fabianahdz/video/7346083973623303466,Trama bonding ü´° #fyp #foryoupage #foryou #fyp„Ç∑ @Jenicka Lopez ,1710393475,2024-04-06 01:51:47.628143,fabianahdz,1879,322,105200,1200000,911
278,7341258731834871082,fabianahdz_7341258731834871082.mp4,https://www.tiktok.com/@fabianahdz/video/7341258731834871082,Im always getting tagged team fr üòÇüò≠üò≠ #fyp #foryoupage #fyp„Ç∑ #wlwcouple #wlw ,1709270009,2024-04-06 01:51:50.645847,fabianahdz,424,59,30300,294900,28
279,7332598258360945966,fabianahdz_7332598258360945966.mp4,https://www.tiktok.com/@fabianahdz/video/7332598258360945966,I shed a couple tears ü•∫ i swear i missed her so much .. cant wait to travel with her when shes older #fyp #motherdaughter #fyp„Ç∑ #wlw ,1707253584,2024-04-06 01:51:52.451078,fabianahdz,2117,133,92000,654100,27
280,7324764115191467307,jehvanaj_7324764115191467307.mp4,https://www.tiktok.com/@jehvanaj/video/7324764115191467307,Replying to @I‚ù§Ô∏èMYüêµ #jehvanaj #fyp„Ç∑ ,1705429573,2024-04-06 01:51:54.444428,jehvanaj,714,102,18100,315400,112
281,7325266352384593183,lgndfrvr_7325266352384593183.mp4,https://www.tiktok.com/@lgndfrvr/video/7325266352384593183,HOW TO KNOW WHEN THE KID IS REALLY YOURS üòÇ #Trending #MarriedLife #Relationship #CoupleGoals ,1705546518,2024-04-06 01:51:55.908004,lgndfrvr,13100,342,214000,2100000,650
282,7327430900478889262,lalogonebrazzyy22_7327430900478889262.mp4,https://www.tiktok.com/@lalogonebrazzyy22/video/7327430900478889262,#fyp ,1706050488,2024-04-06 01:51:57.511308,lalogonebrazzyy22,27500,3462,660400,5900000,3348
283,7324099867536526634,fknjunior_7324099867536526634.mp4,https://www.tiktok.com/@fknjunior/video/7324099867536526634,She did me dirtyüò≠IG:Jr_Villegas1 #fknjunior #fyp #foryou #fyp„Ç∑ #parati ,1705274905,2024-04-06 01:51:58.926807,fknjunior,8598,852,87800,931700,1222
284,7334524076570086702,fabianahdz_7334524076570086702.mp4,https://www.tiktok.com/@fabianahdz/video/7334524076570086702,Homegirl was shook fr #fyp #halftime #wlw #wlwcouples #fyp„Ç∑ ,1707701988,2024-04-06 01:52:00.955334,fabianahdz,1830,112,66200,510100,67
285,7344801151788895530,fabianahdz_7344801151788895530.mp4,https://www.tiktok.com/@fabianahdz/video/7344801151788895530,Shes up for grabs ü§ùüèº filing for divorce rn as we speak #fyp #foryoupage #fyp„Ç∑ #wlw #couple #wlwcouple r.i.p 3/10/23,1710094810,2024-04-06 01:52:02.132202,fabianahdz,21600,1383,707500,4100000,2743
286,7323728163282914602,jamore.love_7323728163282914602.mp4,https://www.tiktok.com/@jamore.love/video/7323728163282914602,You better pay up #fyp #reels #jamore #father #dad #parent #explore #tiktok #jamorelove #parenting #parentingtips #dadsoftiktok #gentleparenting #kids #kidsoftiktok #food #restaurant #love #foodie #love #foodreview #foodlover #mrjaysfoodreview #jamalmorton #thelovefamily ,1705188363,2024-04-06 01:52:23.407201,jamore.love,43700,3138,514000,5100000,1143
287,7326439350248541471,.wakastreams_7326439350248541471.mp4,https://www.tiktok.com/@.wakastreams/video/7326439350248541471,Lalo teaches Willito how to dance ü§£üò≠ #willito #lalogonebrazzy480 #dancing #funny #sing #music #fyp #live #stream #twitch #perform ,1705819657,2024-04-06 01:52:27.761332,.wakastreams,12300,684,212700,1700000,2376
288,7321531667615714591,mr.chimetime_7321531667615714591.mp4,https://www.tiktok.com/@mr.chimetime/video/7321531667615714591,The BEST‚ÄºÔ∏è CONEY Dogs In Detroitü§∑üèæ‚Äç‚ôÇÔ∏èüôÑ #ncfoodie #michiganfood #michiganrestaurants #detroitfood #detroitrestaurants #coneyisland #coneydog ,1704676967,2024-04-06 01:52:29.407408,mr.chimetime,1615,878,35500,657000,463
289,7322238164314131754,bg2fast_7322238164314131754.mp4,https://www.tiktok.com/@bg2fast/video/7322238164314131754,Sheesh What Move Is This üò≥üèàüî• #fyp #trend #widereciever ,1704841452,2024-04-06 01:52:31.350778,bg2fast,12200,1877,105600,1300000,768
290,7331539229144534314,rollingloud_7331539229144534314.mp4,https://www.tiktok.com/@rollingloud/video/7331539229144534314,See you there ü´° #ddosama #ddosamaedit #nycdrill #drill #rollingloud ,1707007019,2024-04-06 01:52:32.695956,rollingloud,55500,3217,689100,7700000,1823
292,7330464704269225259,ross_500_7330464704269225259.mp4,https://www.tiktok.com/@ross_500/video/7330464704269225259,#ross500 #camnewton #fyp #explorepage #ei #7on7 ,1706756828,2024-04-06 01:52:35.595452,ross_500,8175,844,127200,1800000,322
293,7328582306757741867,bg2fast_7328582306757741867.mp4,https://www.tiktok.com/@bg2fast/video/7328582306757741867,Got emmm üò≥,1706318565,2024-04-06 01:52:37.564512,bg2fast,10800,446,71900,1400000,737
295,7333804995692907822,heyimsuie_7333804995692907822.mp4,https://www.tiktok.com/@heyimsuie/video/7333804995692907822,20 MINS OF TEACHING MY BOY THE CULTURE üòÇüá≤üáΩ #fyp #foryou #chefsuie #suigeneris #2rare #mexican #mexicantiktok #mexico #cooking #funny #mexicandrinks #culture ,1707534563,2024-04-06 01:52:39.971307,heyimsuie,1723,42,17600,377100,38
296,7325546229738523950,jamore.love_7325546229738523950.mp4,https://www.tiktok.com/@jamore.love/video/7325546229738523950,You lost your mind! #fyp #reels #jamore #father #dad #parent #explore #tiktok #jamorelove #parenting #parentingtips #dadsoftiktok #gentleparenting #kids #kidsoftiktok #food #restaurant #love #foodie #love #foodreview #foodlover #mrjaysfoodreview #jamalmorton #thelovefamily ,1705611660,2024-04-06 01:52:42.221352,jamore.love,34200,1753,426800,3400000,771
297,7324400280550804778,cbssports_7324400280550804778.mp4,https://www.tiktok.com/@cbssports/video/7324400280550804778,Popular pre-snap cadence these days #dallascowboys #cowboys #cowboysnation ,1705344856,2024-04-06 01:52:45.759959,cbssports,1471,220,32100,497600,571
298,7331813581324848430,woahvickyy_7331813581324848430.mp4,https://www.tiktok.com/@woahvickyy/video/7331813581324848430,,1707070899,2024-04-06 01:52:47.156341,woahvickyy,978,676,24300,991700,172
299,7333788169231486250,heyimsuie_7333788169231486250.mp4,https://www.tiktok.com/@heyimsuie/video/7333788169231486250,its finally friday lets turn up üî•üá≤üáΩ @2RAREüá¨üá≠üá≥üá¨ #fyp #foryou #mexican #mexicantiktok #paloma #mexicandrinks #friday #chefsuie #2rare ,1707530644,2024-04-06 01:52:48.481912,heyimsuie,7979,364,97100,1200000,505
300,7329981246426107182,musicmediaco_7329981246426107182.mp4,https://www.tiktok.com/@musicmediaco/video/7329981246426107182,Kanye STEALS reporter‚Äôs phone then hires her üò≥ @Kanyewestlover911 #kanye #kanyewest #edit ,1706644300,2024-04-06 01:52:51.281899,musicmediaco,65100,2671,582800,4500000,5184
301,7331804247597747502,k3rr._stars_7331804247597747502.mp4,https://www.tiktok.com/@k3rr._stars/video/7331804247597747502,,1707068740,2024-04-06 01:53:14.624223,k3rr._stars,558100,16500,4700000,19300000,99200
302,7334143590098079019,jezlynbearden_7334143590098079019.mp4,https://www.tiktok.com/@jezlynbearden/video/7334143590098079019,cannot get over the accent ü§£ #husbandwife #marriagehumor #marriage #couple ,1707613395,2024-04-06 01:53:16.242139,jezlynbearden,224200,6671,3600000,15000000,59700
303,7323340182281833771,barstoolsports_7323340182281833771.mp4,https://www.tiktok.com/@barstoolsports/video/7323340182281833771,The cat is a MENACE üëπ @I Can‚Äôt Even ,1705098026,2024-04-06 01:53:17.414543,barstoolsports,37900,5123,854400,8500000,16600
305,7327028695372270894,renusdelph_7327028695372270894.mp4,https://www.tiktok.com/@renusdelph/video/7327028695372270894,His name is nanaki but he is often called monkey #catsoftiktok #orangecatsoftiktok #orangecatbehavior #spongebob ,1705956833,2024-04-06 01:53:19.722795,renusdelph,42400,890,491600,4000000,11400
306,7322527779881372974,kekoaandkaya_7322527779881372974.mp4,https://www.tiktok.com/@kekoaandkaya/video/7322527779881372974,The way she pretends to listenü§¶‚Äç‚ôÄÔ∏èüò≠ #cattledog #blueheeler #sasshole,1704908880,2024-04-06 01:53:21.949921,kekoaandkaya,3877,258,78300,591500,4772
307,7321415469532155182,thebluerio_7321415469532155182.mp4,https://www.tiktok.com/@thebluerio/video/7321415469532155182,Rio gets rejected ü§£üíô #indianringneck #talkingparrot #iloveyou #Love #fyp #foryoupage #funny ,1704649911,2024-04-06 01:53:23.227138,thebluerio,420900,34000,4000000,24200000,207100
308,7326605457072721194,thebluerio_7326605457072721194.mp4,https://www.tiktok.com/@thebluerio/video/7326605457072721194,when you constantly need attentionü§£üíô #indianringneck #talkingparrot #love #fyp #foryoupage ,1705858299,2024-04-06 01:53:24.613633,thebluerio,5595,327,68100,709100,3126
309,7334471195695385898,thebluerio_7334471195695385898.mp4,https://www.tiktok.com/@thebluerio/video/7334471195695385898,does anyone know what Rio is saying? üòÇ #indianringneck #talkingparrot #love #fyp #foryoupage ,1707689673,2024-04-06 01:53:26.115015,thebluerio,6013,1086,89900,2400000,1995
310,7343361296508800261,walter.the.catt_7343361296508800261.mp4,https://www.tiktok.com/@walter.the.catt/video/7343361296508800261,He was so close to catching it that time üòÖ #catsoftiktok #foryourpage ,1709759542,2024-04-06 01:53:27.556981,walter.the.catt,89700,3161,1100000,5200000,29300
312,7328149283725757738,the_mannii_7328149283725757738.mp4,https://www.tiktok.com/@the_mannii/video/7328149283725757738,Orange Cat Vibes Edit with Vine BOOM #freecomedy #cats vB:@Mle10sley ,1706217729,2024-04-06 01:53:30.047392,the_mannii,107900,5771,789600,6200000,20700
314,7329216981129825566,wiwigato_7329216981129825566.mp4,https://www.tiktok.com/@wiwigato/video/7329216981129825566,Rrrreow ü§å #frenchcar #france #kitty #cat #catmeme #elgato #heisfrench #frenchcat #catmeme #meme #gato #wiwigato #silly #car #silly car,1706466344,2024-04-06 01:53:32.709666,wiwigato,1100000,74300,10400000,61100000,441400
315,7336401272339352878,joyce.704_7336401272339352878.mp4,https://www.tiktok.com/@joyce.704/video/7336401272339352878,i can‚Äôt belive it worked üò≥ #catsounds #attractcats #kittens #catsoftiktok #fyp ,1708139057,2024-04-06 01:53:34.431944,joyce.704,192100,5653,1400000,26600000,22500
316,7330408583659572523,blackcatfactory_7330408583659572523.mp4,https://www.tiktok.com/@blackcatfactory/video/7330408583659572523,They have a favorite word. #cats #blackcats #missmagna #meestermars #mamanox #libraleeb #fataster ,1706743785,2024-04-06 01:53:35.707435,blackcatfactory,68800,2717,812800,4100000,12800
318,7341549721833737518,unprofessonle_bb_flinger_7341549721833737518.mp4,https://www.tiktok.com/@unprofessonle_bb_flinger/video/7341549721833737518,HELL NAHüó£Ô∏èüó£Ô∏èüó£Ô∏è #thrift #thrifting #marshalls,1709337781,2024-04-06 01:53:57.952984,unprofessonle_bb_flinger,54100,3292,699200,3700000,58100
320,7341140776988069166,teddydrack_7341140776988069166.mp4,https://www.tiktok.com/@teddydrack/video/7341140776988069166,Why bro so mad?üíÄ#fyp #fup„Ç∑ #viral #trending #relatable #fup #xyzbca ,1709242545,2024-04-06 01:54:00.088170,teddydrack,52500,5226,443500,3800000,7599
321,7342372927880318238,thisrandomonespam_7342372927880318238.mp4,https://www.tiktok.com/@thisrandomonespam/video/7342372927880318238,Its a daily occurrence at this point ,1709529465,2024-04-06 01:54:01.804615,thisrandomonespam,38400,2987,600400,3400000,46200
322,7340845749153910047,lilyrkemp_7340845749153910047.mp4,https://www.tiktok.com/@lilyrkemp/video/7340845749153910047,yes he does ,1709173877,2024-04-06 01:54:03.962176,lilyrkemp,226100,8888,3300000,15800000,116900
323,7350096867255979269,isaiah_hunter12_7350096867255979269.mp4,https://www.tiktok.com/@isaiah_hunter12/video/7350096867255979269,,1711327788,2024-04-06 01:54:05.242970,isaiah_hunter12,177300,2913,2300000,10300000,183200
324,7335295639623912747,kristalreyess_7335295639623912747.mp4,https://www.tiktok.com/@kristalreyess/video/7335295639623912747,alan you actually did this!üò≠üíï  #valentinesday #cocacola #chickfila #victoryouactuallydidthis   ,1707881634,2024-04-06 01:54:06.999416,kristalreyess,516100,31800,10800000,70600000,282800
325,7337258990134480133,testicletorsion_7337258990134480133.mp4,https://www.tiktok.com/@testicletorsion/video/7337258990134480133,:( #fyp„Ç∑ #foryoupage #meme #silly ,1708338737,2024-04-06 01:54:08.246732,testicletorsion,131100,7975,715000,3000000,18300
326,7345187013571710239,maddi.bertels_7345187013571710239.mp4,https://www.tiktok.com/@maddi.bertels/video/7345187013571710239,@jensen ü§òüèº ,1710184671,2024-04-06 01:54:09.858428,maddi.bertels,24700,771,664200,3700000,6715
327,7344731381303610670,_octopussy23_7344731381303610670.mp4,https://www.tiktok.com/@_octopussy23/video/7344731381303610670,Double celly too tuff #beatdakotonai #fortnite #baseball #peely #fyp #trending ,1710078593,2024-04-06 01:54:11.360683,_octopussy23,94200,5379,942300,6600000,15100
328,7335612309890452738,silly.tees_7335612309890452738.mp4,https://www.tiktok.com/@silly.tees/video/7335612309890452738,Link in bio to buy‚ÄºÔ∏è #fortnite #fortnitememes #funnyshirtsa ,1707955361,2024-04-06 01:54:14.659354,silly.tees,83100,7669,814500,6400000,30100
329,7331547203082718510,moongoonin_7331547203082718510.mp4,https://www.tiktok.com/@moongoonin/video/7331547203082718510,#Naruto #anime #fyp„Ç∑ #viral #funny,1707008882,2024-04-06 01:54:16.892271,moongoonin,116900,4441,640900,3700000,38500
331,7342988545079971115,hazel.bea.weenie_7342988545079971115.mp4,https://www.tiktok.com/@hazel.bea.weenie/video/7342988545079971115,Sand weenü™± #dune #wienerdog #dachshund ,1709672758,2024-04-06 01:54:19.102649,hazel.bea.weenie,223300,8678,4200000,35600000,195800
